category,cat_mean_price,cat_mean_time,cat_mean_healthy,cat_mean_heavy
东北菜,32.176,32.544,3.256,2.928
家常炒菜,26.71794871794872,16.794871794871796,3.6923076923076925,2.6923076923076925
川菜,39.42142857142857,30.735714285714284,2.9857142857142858,3.107142857142857
广府家常菜,48.61904761904762,23.238095238095237,3.619047619047619,2.761904761904762
广式粥粉面,23.45,17.0,2.85,2.55
早茶点心,23.6,16.3,2.5,2.55
早餐粥点,14.205882352941176,12.676470588235293,2.8823529411764706,2.235294117647059
本帮江浙菜,55.56140350877193,42.421052631578945,3.3684210526315788,3.0
湘菜,42.17894736842105,28.705263157894738,2.8842105263157896,3.3473684210526318
火锅麻辣烫,72.0,41.666666666666664,3.2857142857142856,3.380952380952381
烧烤小吃,19.548387096774192,11.387096774193548,2.2903225806451615,3.129032258064516
烧腊卤味,45.78947368421053,47.10526315789474,2.736842105263158,3.5789473684210527
煲仔饭碟头饭,27.48148148148148,16.40740740740741,2.925925925925926,3.5555555555555554
糖水甜品,15.72,23.0,2.92,1.88
老火汤羹,36.03030303030303,67.27272727272727,3.9696969696969697,2.0303030303030303
西式简餐,44.04545454545455,18.954545454545453,2.6818181818181817,3.6363636363636362
轻食健康,29.58823529411765,7.9411764705882355,3.823529411764706,1.6470588235294117
长三角粉面,27.145833333333332,17.729166666666668,3.3125,2.6875
面包甜点,20.22222222222222,5.444444444444445,2.4444444444444446,2.888888888888889
