dish_id,dish_name,category,time_cost,price,spicy,heavy,healthy,temperature,carb,protein,taboo
0,番茄牛腩饭,中式快餐盖饭,18,28,0,4,4,2,5,4,
1,黄焖鸡米饭,中式快餐盖饭,20,26,1,4,3,2,5,4,
2,青椒肉丝盖饭,中式快餐盖饭,16,22,1,3,4,2,5,4,
3,台式卤肉饭,中式快餐盖饭,12,20,0,4,2,2,5,3,
4,咖喱鸡排饭,中式快餐盖饭,18,28,1,4,3,2,5,4,
5,梅菜扣肉饭,中式快餐盖饭,22,30,0,5,2,2,5,3,
6,兰州牛肉面,面食粉面,12,22,1,3,4,2,4,3,
7,重庆小面,面食粉面,10,16,3,3,3,2,4,2,
8,番茄鸡蛋面,面食粉面,12,16,0,2,4,2,4,3,
9,炸酱面,面食粉面,14,20,0,3,3,1,5,3,
10,螺蛳粉,面食粉面,15,20,3,4,2,2,4,2,
11,云南小锅米线,面食粉面,14,22,2,3,4,2,4,3,
12,西红柿炒蛋+米饭,家常炒菜,20,30,0,2,5,2,4,3,
13,麻婆豆腐+米饭,家常炒菜,22,28,3,3,4,2,4,3,
14,清蒸鲈鱼+米饭,家常炒菜,35,68,0,2,5,2,4,5,海鲜
15,宫保鸡丁+米饭,家常炒菜,25,36,2,3,4,2,4,4,
16,红烧肉+米饭,家常炒菜,45,52,0,5,2,2,4,4,
17,蒜蓉西兰花+米饭,家常炒菜,18,26,0,2,5,2,4,3,
18,地三鲜+米饭,家常炒菜,25,30,0,4,3,2,4,2,
19,麻辣烫,火锅麻辣烫,20,28,3,3,2,2,3,3,
20,清汤火锅,火锅麻辣烫,60,88,0,3,4,2,3,4,
21,牛油麻辣火锅,火锅麻辣烫,60,98,3,5,2,2,3,4,
22,关东煮,火锅麻辣烫,10,22,1,1,4,2,3,3,
23,冒菜,火锅麻辣烫,25,32,3,4,3,2,4,3,
24,菌汤火锅,火锅麻辣烫,50,92,0,3,5,2,3,4,
25,烤羊肉串,烧烤小吃,20,45,2,4,2,2,2,4,
26,烤鸡翅,烧烤小吃,18,35,2,3,3,2,2,4,
27,烤茄子,烧烤小吃,15,22,2,2,3,2,3,1,
28,烤冷面,烧烤小吃,8,12,1,2,2,2,5,2,
29,韩式炸鸡,烧烤小吃,20,45,2,5,1,2,3,4,
30,铁板豆腐,烧烤小吃,12,18,2,2,3,2,2,3,
31,鸡胸肉沙拉,轻食健康,10,32,0,1,5,0,2,5,
32,藜麦牛油果碗,轻食健康,12,45,0,2,5,0,3,3,
33,三文鱼沙拉,轻食健康,12,58,0,2,5,0,2,5,海鲜
34,全麦鸡肉三明治,轻食健康,8,26,0,2,4,1,3,4,麸质
35,水煮时蔬+溏心蛋,轻食健康,12,28,0,1,5,1,2,3,
36,希腊酸奶坚果碗,轻食健康,5,25,0,2,4,0,3,3,乳制品
37,番茄肉酱意面,西式简餐,25,42,0,3,3,2,5,3,麸质
38,香煎牛排,西式简餐,30,88,0,4,3,2,2,5,
39,芝士汉堡+薯条,西式简餐,15,35,0,5,1,2,5,3,"乳制品,麸质"
40,奶油蘑菇汤+面包,西式简餐,20,32,0,3,3,2,4,2,"乳制品,麸质"
41,玛格丽特披萨,西式简餐,25,48,0,4,2,2,5,3,"乳制品,麸质"
42,烤鸡胸配土豆泥,西式简餐,28,45,0,3,4,2,4,5,
43,皮蛋瘦肉粥+油条,早餐粥点,12,15,0,2,3,2,5,2,
44,小笼包+豆浆,早餐粥点,10,18,0,2,3,2,5,3,
45,杂粮煎饼果子,早餐粥点,8,12,1,3,3,2,5,2,
46,燕麦牛奶粥,早餐粥点,5,10,0,1,5,2,4,3,乳制品
