dish_id,dish_name,category,time_cost,price,spicy,heavy,healthy,temperature,carb,protein,taboo,region,is_veg,frequency,meal_slots
0,番茄牛腩饭,中式快餐盖饭,18,28,0,4,4,2,5,4,,长三角,0,3,午餐/晚餐
1,黄焖鸡米饭,中式快餐盖饭,20,26,1,4,3,2,5,4,,共通,0,3,午餐/晚餐
2,青椒肉丝,中式快餐盖饭,16,22,1,3,4,2,5,4,,长三角,0,3,午餐/晚餐
3,台式卤肉饭,中式快餐盖饭,12,20,0,4,2,2,5,3,,共通,0,3,午餐/晚餐
4,咖喱鸡排饭,中式快餐盖饭,18,28,1,4,3,2,5,4,,共通,0,3,午餐/晚餐
5,梅菜扣肉饭,中式快餐盖饭,22,30,0,5,2,2,5,3,,珠三角,0,3,午餐/晚餐
6,兰州牛肉面,面食粉面,12,22,1,3,4,2,4,3,,共通,0,3,午餐/晚餐
7,重庆小面,面食粉面,10,16,3,3,3,2,4,2,,共通,0,3,午餐/晚餐
8,番茄鸡蛋面,面食粉面,12,16,0,2,4,2,4,3,,共通,0,3,午餐/晚餐
9,炸酱面,面食粉面,14,20,0,3,3,1,5,3,,共通,0,3,午餐/晚餐
10,螺蛳粉,面食粉面,15,20,3,4,2,2,4,2,,共通,0,3,午餐/晚餐
11,云南小锅米线,面食粉面,14,22,2,3,4,2,4,3,,共通,0,3,午餐/晚餐
12,番茄炒蛋,家常炒菜,20,30,0,2,5,2,4,3,,共通,0,3,午餐/晚餐
13,麻婆豆腐,家常炒菜,22,28,3,3,4,2,4,3,,共通,0,3,午餐/晚餐
14,清蒸鲈鱼,家常炒菜,35,68,0,2,5,2,4,5,海鲜,珠三角,0,3,午餐/晚餐
15,宫保鸡丁,家常炒菜,25,36,2,3,4,2,4,4,,共通,0,3,午餐/晚餐
16,上海红烧肉,家常炒菜,45,52,0,5,2,2,4,4,,长三角,0,3,午餐/晚餐
17,蒜蓉西兰花,家常炒菜,18,26,0,2,5,2,4,3,,共通,1,3,午餐/晚餐
18,地三鲜,家常炒菜,25,30,0,4,3,2,4,2,,共通,1,3,午餐/晚餐
19,麻辣烫,火锅麻辣烫,20,28,3,3,2,2,3,3,,共通,0,3,午餐/晚餐
20,清汤火锅,火锅麻辣烫,60,88,0,3,4,2,3,4,,共通,0,3,午餐/晚餐
21,牛油麻辣火锅,火锅麻辣烫,60,98,3,5,2,2,3,4,,共通,0,3,午餐/晚餐
22,关东煮,火锅麻辣烫,10,22,1,1,4,2,3,3,,共通,0,3,午餐/晚餐
23,冒菜,火锅麻辣烫,25,32,3,4,3,2,4,3,,共通,0,3,午餐/晚餐
24,菌汤火锅,火锅麻辣烫,50,92,0,3,5,2,3,4,,共通,0,3,午餐/晚餐
25,烤羊肉串,烧烤小吃,20,45,2,4,2,2,2,4,,共通,0,3,午餐/晚餐
26,烤鸡翅,烧烤小吃,18,35,2,3,3,2,2,4,,共通,0,3,午餐/晚餐
27,烤茄子,烧烤小吃,15,22,2,2,3,2,3,1,,共通,1,3,午餐/晚餐
28,烤冷面,烧烤小吃,8,12,1,2,2,2,5,2,,共通,0,3,午餐/晚餐
29,韩式炸鸡,烧烤小吃,20,45,2,5,1,2,3,4,,共通,0,3,午餐/晚餐
30,铁板豆腐,烧烤小吃,12,18,2,2,3,2,2,3,,共通,1,3,午餐/晚餐
31,鸡胸肉沙拉,轻食健康,10,32,0,1,5,0,2,5,,共通,0,3,午餐/晚餐
32,藜麦牛油果碗,轻食健康,12,45,0,2,5,0,3,3,,共通,1,3,午餐/晚餐
33,三文鱼沙拉,轻食健康,12,58,0,2,5,0,2,5,海鲜,共通,0,3,午餐/晚餐
34,全麦鸡肉三明治,轻食健康,8,26,0,2,4,1,3,4,麸质,共通,0,3,午餐/晚餐
35,水煮时蔬+溏心蛋,轻食健康,12,28,0,1,5,1,2,3,,共通,0,3,午餐/晚餐
36,希腊酸奶坚果碗,轻食健康,5,25,0,2,4,0,3,3,乳制品,共通,0,3,午餐/晚餐
37,番茄肉酱意面,西式简餐,25,42,0,3,3,2,5,3,麸质,共通,0,3,午餐/晚餐
38,香煎牛排,西式简餐,30,88,0,4,3,2,2,5,,共通,0,3,午餐/晚餐
39,芝士汉堡+薯条,西式简餐,15,35,0,5,1,2,5,3,"乳制品,麸质",共通,0,3,午餐/晚餐
40,奶油蘑菇汤+面包,西式简餐,20,32,0,3,3,2,4,2,"乳制品,麸质",共通,0,3,午餐/晚餐
41,玛格丽特披萨,西式简餐,25,48,0,4,2,2,5,3,"乳制品,麸质",共通,0,3,午餐/晚餐
42,烤鸡胸配土豆泥,西式简餐,28,45,0,3,4,2,4,5,,共通,0,3,午餐/晚餐
43,皮蛋瘦肉粥,早餐粥点,12,15,0,2,3,2,5,2,,长三角,0,3,午餐/晚餐
44,小笼包+豆浆,早餐粥点,10,18,0,2,3,2,5,3,,长三角,0,3,午餐/晚餐
45,杂粮煎饼果子,早餐粥点,8,12,1,3,3,2,5,2,,共通,0,3,午餐/晚餐
46,燕麦牛奶粥,早餐粥点,5,10,0,1,5,2,4,3,乳制品,共通,0,3,午餐/晚餐
47,手撕包菜,家常炒菜,10,16,1,3,3,2,3,1,,长三角,1,3,午餐/晚餐
48,毛豆炒肉丝,家常炒菜,12,22,0,3,4,2,3,4,,长三角,0,3,午餐/晚餐
49,清炒芥兰,家常炒菜,8,18,0,2,5,2,2,1,,珠三角,1,3,午餐/晚餐
50,番茄炒牛肉,家常炒菜,12,28,0,3,4,2,3,4,,珠三角,0,3,午餐/晚餐
51,白灼菜心,家常炒菜,8,16,0,1,5,2,2,1,,珠三角,1,3,午餐/晚餐
52,腐乳通菜,家常炒菜,8,16,0,2,4,2,2,1,,珠三角,1,3,午餐/晚餐
53,茭白炒肉丝,家常炒菜,12,24,0,3,4,2,2,4,,长三角,0,3,午餐/晚餐
54,蒜蓉空心菜,家常炒菜,8,16,0,2,5,2,2,1,,珠三角,1,3,午餐/晚餐
55,蚝油生菜,家常炒菜,6,15,0,2,4,2,2,1,,珠三角,0,3,午餐/晚餐
56,辣椒炒肉,家常炒菜,12,28,2,4,3,2,3,4,,共通,0,3,午餐/晚餐
57,醋溜白菜,家常炒菜,10,14,0,2,4,2,3,1,,长三角,1,3,午餐/晚餐
58,雪菜炒毛豆,家常炒菜,10,16,0,2,4,2,3,3,,长三角,1,3,午餐/晚餐
59,香干炒芹菜,家常炒菜,10,18,0,2,5,2,2,3,,长三角,1,3,午餐/晚餐
60,鱼香肉丝,家常炒菜,15,26,2,3,3,2,4,4,,共通,0,3,午餐/晚餐
61,上汤娃娃菜,家常炒菜,12,22,0,2,4,2,2,3,,长三角,0,2,午餐/晚餐
62,八宝辣酱,家常炒菜,25,34,1,4,2,2,3,3,花生,长三角,0,2,午餐/晚餐
63,咕噜肉,家常炒菜,20,34,0,4,2,2,4,3,,珠三角,0,2,午餐/晚餐
64,咸蛋蒸肉饼,家常炒菜,20,26,0,3,3,2,2,4,,珠三角,0,2,午餐/晚餐
65,四喜烤麸,家常炒菜,20,22,0,3,3,0,3,3,"麸质,花生",长三角,1,2,午餐/晚餐
66,小炒黄牛肉,家常炒菜,15,42,3,4,3,2,3,5,,共通,0,2,午餐/晚餐
67,干煸四季豆,家常炒菜,15,20,1,3,3,2,3,3,,长三角,0,2,午餐/晚餐
68,椒盐豆腐,家常炒菜,12,20,1,3,3,2,3,3,,珠三角,0,2,午餐/晚餐/夜宵
69,梅菜蒸肉饼,广府家常菜,20,26,0,3,3,2,2,4,,珠三角,0,3,午餐/晚餐
70,清蒸水蛋,广府家常菜,12,16,0,1,4,2,1,3,,珠三角,0,3,午餐/晚餐
71,白灼虾,广府家常菜,10,48,0,1,5,1,1,5,海鲜,珠三角,0,3,午餐/晚餐
72,菜心炒牛肉,广府家常菜,12,34,0,3,4,2,2,4,,珠三角,0,3,午餐/晚餐
73,豉汁蒸排骨,广府家常菜,20,32,0,3,4,2,2,4,,珠三角,0,3,午餐/晚餐
74,酿豆腐,广府家常菜,20,26,0,3,4,2,3,4,,珠三角,0,3,午餐/晚餐
75,丝瓜炒牛肉,广府家常菜,12,32,0,3,4,2,2,4,,珠三角,0,2,早餐/午餐/晚餐
76,凉瓜炒牛肉,广府家常菜,12,32,0,3,4,2,2,4,,珠三角,0,2,早餐/午餐/晚餐
77,咸鱼茄煲,广府家常菜,20,30,0,3,3,2,3,3,海鲜,珠三角,0,2,早餐/午餐/晚餐
78,姜葱炒牛肉,广府家常菜,12,36,0,3,4,2,2,4,,珠三角,0,2,早餐/午餐/晚餐
79,姜葱焗鱼,广府家常菜,20,48,0,3,4,2,2,5,海鲜,珠三角,0,2,午餐/晚餐
80,清蒸九节虾,广府家常菜,12,78,0,1,5,2,1,5,海鲜,珠三角,0,2,午餐/晚餐
81,清蒸海鱼,广府家常菜,20,68,0,2,5,2,1,5,海鲜,珠三角,0,2,午餐/晚餐
82,烧肉炒芥兰,广府家常菜,12,34,0,3,3,2,2,4,,珠三角,0,2,早餐/午餐/晚餐
83,煎酿三宝,广府家常菜,25,32,0,4,3,2,3,4,海鲜,珠三角,0,2,午餐/晚餐/夜宵
84,云吞面,广式粥粉面,12,22,0,2,4,2,4,4,"海鲜,麸质",珠三角,0,3,早餐/午餐/晚餐
85,干炒牛河,广式粥粉面,15,26,0,4,2,2,5,3,,珠三角,0,3,午餐/晚餐/夜宵
86,柴鱼花生粥,广式粥粉面,30,15,0,2,3,2,3,2,"海鲜,花生",珠三角,0,3,早餐/夜宵
87,桂林米粉,广式粥粉面,12,18,1,2,3,2,5,3,,珠三角,0,3,午餐/晚餐/夜宵
88,湿炒牛河,广式粥粉面,15,28,0,4,2,2,5,3,,珠三角,0,3,午餐/晚餐/夜宵
89,牛腩面,广式粥粉面,15,28,0,3,3,2,4,4,麸质,珠三角,0,3,早餐/午餐/晚餐
90,猪杂汤粉,广式粥粉面,15,22,0,3,3,2,4,4,,珠三角,0,3,早餐/夜宵
91,猪肠粉,广式粥粉面,10,12,0,2,3,2,3,2,,珠三角,0,3,早餐/下午加餐
92,生滚牛肉粥,广式粥粉面,25,22,0,2,3,2,3,3,,珠三角,0,3,早餐/午餐/晚餐
93,生滚鱼片粥,广式粥粉面,25,24,0,2,4,2,3,3,海鲜,珠三角,0,3,早餐/午餐/晚餐
94,酸辣粉,广式粥粉面,12,18,3,3,2,2,5,2,,珠三角,0,3,午餐/晚餐/夜宵
95,星洲炒米粉,广式粥粉面,15,28,1,3,3,2,5,3,海鲜,珠三角,0,2,午餐/晚餐/夜宵
96,海鲜砂锅粥,广式粥粉面,35,68,0,2,4,2,3,4,海鲜,珠三角,0,2,晚餐/夜宵
97,潮汕牛肉丸粉,广式粥粉面,15,26,0,3,3,2,4,4,,珠三角,0,2,午餐/晚餐/夜宵
98,濑粉,广式粥粉面,15,18,0,2,3,2,4,2,,珠三角,0,2,早餐/午餐/晚餐
99,猪红粥,广式粥粉面,25,16,0,2,3,2,3,3,,珠三角,0,2,早餐/夜宵
100,碗仔翅,广式粥粉面,15,20,0,2,2,2,3,2,"海鲜,麸质",珠三角,0,2,下午加餐/夜宵
101,豉油皇炒面,广式粥粉面,12,20,0,3,2,2,5,2,麸质,珠三角,0,2,午餐/晚餐/夜宵
102,车仔面,广式粥粉面,10,18,1,3,2,2,4,3,"海鲜,麸质",珠三角,0,2,午餐/晚餐/夜宵
103,陈村粉,广式粥粉面,12,20,0,2,3,2,4,3,,珠三角,0,2,早餐/午餐/晚餐
104,叉烧包,早茶点心,15,20,0,2,3,2,3,2,麸质,珠三角,0,3,早餐
105,干蒸烧卖,早茶点心,15,26,0,2,3,2,3,4,海鲜,珠三角,0,3,早餐
106,肠粉(早茶),早茶点心,12,22,0,1,4,2,2,2,,珠三角,0,3,早餐
107,虾饺,早茶点心,15,32,0,1,4,2,3,4,海鲜,珠三角,0,3,早餐
108,凤爪,早茶点心,30,28,0,3,2,2,2,3,,珠三角,0,2,早餐
109,奶黄包,早茶点心,15,20,0,3,2,2,4,3,"麸质,乳制品",珠三角,0,2,早餐/下午加餐
110,流沙包,早茶点心,15,22,0,3,2,2,4,3,"麸质,乳制品",珠三角,0,2,早餐
111,炸春卷,早茶点心,12,20,0,4,2,2,4,2,麸质,珠三角,0,2,早餐/下午加餐
112,白糖糕,早茶点心,15,15,0,2,2,1,5,1,,珠三角,1,2,早餐/下午加餐
113,糯米鸡,早茶点心,20,22,0,4,2,2,5,3,,珠三角,0,2,早餐
114,腐皮卷,早茶点心,15,24,0,3,3,2,3,3,,珠三角,0,2,早餐
115,莲蓉包,早茶点心,15,18,0,3,2,2,4,2,麸质,珠三角,0,2,早餐/下午加餐
116,马拉糕,早茶点心,15,16,0,2,2,2,5,2,麸质,珠三角,0,2,早餐/下午加餐
117,上海生煎包,早餐粥点,12,14,0,3,2,2,4,3,麸质,长三角,0,3,早餐/下午加餐
118,南翔小笼包,早餐粥点,15,25,0,2,3,2,4,3,麸质,长三角,0,3,早餐/午餐/晚餐
119,及第粥,早餐粥点,30,22,0,3,3,2,3,3,,珠三角,0,3,早餐/午餐/晚餐
120,咸豆浆,早餐粥点,6,7,0,1,4,2,2,3,,长三角,1,3,早餐
121,明火白粥,早餐粥点,40,5,0,1,4,2,2,1,,珠三角,1,3,早餐/夜宵
122,油条,早餐粥点,6,4,0,4,1,2,4,1,麸质,长三角,1,3,早餐
123,甜豆浆,早餐粥点,3,5,0,1,4,1,2,3,,长三角,1,3,早餐/下午加餐
124,白粥配咸菜,早餐粥点,25,6,0,1,4,2,3,1,,长三角,1,3,早餐/夜宵
125,皮蛋瘦肉粥(珠三角),早餐粥点,25,16,0,2,3,2,3,2,,珠三角,0,3,早餐/午餐/晚餐
126,粢饭团,早餐粥点,6,8,0,3,2,1,5,2,,长三角,0,3,早餐
127,糯米烧卖,早餐粥点,10,10,0,3,2,2,5,2,麸质,长三角,0,3,早餐/下午加餐
128,肠粉,早餐粥点,10,12,0,1,4,2,2,2,,珠三角,0,3,早餐/午餐/晚餐
129,艇仔粥,早餐粥点,25,20,0,2,3,2,3,3,海鲜,珠三角,0,3,早餐/午餐/晚餐
130,菜肉大馄饨,早餐粥点,12,18,0,2,4,2,4,3,麸质,长三角,0,3,早餐/午餐/晚餐/夜宵
131,豆腐花,早餐粥点,6,8,0,1,4,2,2,3,,长三角,1,3,早餐/下午加餐
132,鲜肉小馄饨,早餐粥点,8,12,0,1,4,2,3,3,麸质,长三角,0,3,早餐/下午加餐/夜宵
133,鲜肉烧卖,早餐粥点,10,14,0,3,2,2,4,3,麸质,长三角,0,3,早餐/下午加餐
134,千层油糕,早餐粥点,10,12,0,3,2,1,5,1,麸质,长三角,1,2,早餐/下午加餐
135,叉烧酥,早餐粥点,10,18,0,3,2,2,4,2,麸质,珠三角,0,2,早餐/下午加餐
136,咖喱牛肉汤,早餐粥点,15,18,0,2,4,2,2,4,,长三角,0,2,早餐/午餐/下午加餐
137,咸水角,早餐粥点,10,15,0,3,2,2,4,2,麸质,珠三角,0,2,早餐/下午加餐
138,嘉兴鲜肉粽,早餐粥点,8,12,0,3,2,2,5,2,,长三角,0,2,早餐/下午加餐
139,扬州三丁包,早餐粥点,12,16,0,2,3,2,4,3,麸质,长三角,0,2,早餐/下午加餐
140,条头糕,早餐粥点,5,8,0,2,2,1,5,1,,长三角,1,2,早餐/下午加餐
141,炸两,早餐粥点,12,14,0,3,2,2,4,2,麸质,珠三角,0,2,早餐/下午加餐
142,芋头糕,早餐粥点,15,16,0,3,2,2,4,2,,珠三角,0,2,早餐/下午加餐
143,上海熏鱼,本帮江浙菜,40,42,0,3,3,0,3,4,海鲜,长三角,0,3,午餐/晚餐
144,宁波烤菜,本帮江浙菜,30,22,0,2,4,1,2,1,,长三角,1,3,早餐/午餐/晚餐
145,油焖笋,本帮江浙菜,25,32,0,3,3,2,3,2,,长三角,1,3,午餐/晚餐
146,白斩鸡,本帮江浙菜,40,48,0,2,4,1,1,5,,长三角,0,3,午餐/晚餐
147,糖醋排骨,本帮江浙菜,30,38,0,3,3,2,4,4,,长三角,0,3,午餐/晚餐
148,红烧狮子头,本帮江浙菜,45,38,0,4,3,2,2,4,,长三角,0,3,午餐/晚餐
149,霉干菜烧肉,本帮江浙菜,70,45,0,5,2,2,3,4,,长三角,0,3,午餐/晚餐
150,东坡肉,本帮江浙菜,90,48,0,5,2,2,2,4,,长三角,0,2,午餐/晚餐
151,凉拌马兰头,本帮江浙菜,12,20,0,1,5,0,2,2,,长三角,1,2,午餐/晚餐
152,南京烤鸭,本帮江浙菜,45,45,0,4,2,1,2,4,,长三角,0,2,午餐/晚餐
153,无锡酱排骨,本帮江浙菜,60,52,0,5,2,2,4,4,,长三角,0,2,午餐/晚餐
154,梅菜扣肉,本帮江浙菜,60,42,0,5,2,2,3,4,,长三角,0,2,午餐/晚餐
155,梭子蟹炒年糕,本帮江浙菜,25,68,0,3,4,2,4,4,海鲜,长三角,0,2,午餐/晚餐
156,水晶虾仁,本帮江浙菜,15,58,0,1,4,2,1,5,海鲜,长三角,0,2,午餐/晚餐
157,油爆虾,本帮江浙菜,15,45,0,3,3,2,2,4,海鲜,长三角,0,2,午餐/晚餐/夜宵
158,清炒虾仁,本帮江浙菜,15,48,0,2,4,2,1,5,海鲜,长三角,0,2,午餐/晚餐
159,打边炉,火锅麻辣烫,60,92,0,4,3,2,3,4,海鲜,珠三角,0,3,晚餐/夜宵
160,椰子鸡火锅,火锅麻辣烫,50,98,0,2,4,2,2,5,,珠三角,0,3,晚餐/夜宵
161,水煮鱼,火锅麻辣烫,30,68,3,4,3,2,2,5,海鲜,共通,0,3,午餐/晚餐
162,潮汕牛肉火锅,火锅麻辣烫,60,108,0,3,4,2,2,5,,珠三角,0,3,晚餐/夜宵
163,烤鱼,火锅麻辣烫,40,78,3,4,3,2,3,5,海鲜,共通,0,3,晚餐/夜宵
164,酸菜鱼,火锅麻辣烫,30,68,2,3,4,2,2,5,海鲜,共通,0,3,午餐/晚餐
165,串串香,火锅麻辣烫,40,55,3,4,3,2,3,4,,共通,0,2,晚餐/夜宵
166,冷锅串串,火锅麻辣烫,20,45,3,3,2,0,3,3,,共通,0,2,午餐/晚餐/夜宵
167,四川麻辣香锅,火锅麻辣烫,25,45,3,5,2,2,4,4,,共通,0,2,午餐/晚餐/夜宵
168,小龙虾,火锅麻辣烫,45,98,3,3,3,2,1,5,海鲜,共通,0,2,晚餐/夜宵
169,烤生蚝,火锅麻辣烫,15,48,1,3,4,2,2,4,海鲜,共通,0,2,晚餐/夜宵
170,牛杂火锅,火锅麻辣烫,50,78,1,4,3,2,2,4,,珠三角,0,2,晚餐/夜宵
171,猪肚鸡,火锅麻辣烫,70,88,1,3,4,2,2,5,,珠三角,0,2,晚餐/夜宵
172,卤蛋,烧烤小吃,5,4,0,2,3,1,1,3,,共通,0,3,早餐/午餐/晚餐
173,卤鸡爪,烧烤小吃,10,22,0,2,2,1,3,3,,长三角,0,3,午餐/晚餐/夜宵
174,沙县扁肉,烧烤小吃,8,16,0,2,3,2,3,3,,共通,0,3,午餐/晚餐/夜宵
175,沙县拌面,烧烤小吃,8,14,0,3,3,2,5,2,"麸质,花生",共通,0,3,早餐/午餐/夜宵
176,炒年糕,烧烤小吃,12,22,1,3,3,2,5,2,,长三角,0,3,午餐/晚餐/夜宵
177,炒面,烧烤小吃,12,20,1,4,2,2,5,2,麸质,珠三角,0,3,午餐/晚餐/夜宵
178,炸串,烧烤小吃,15,25,2,4,1,2,3,3,,共通,0,3,下午加餐/夜宵
179,炸鸡,烧烤小吃,15,32,1,5,1,2,3,4,麸质,共通,0,3,午餐/晚餐/夜宵
180,炸鸡排,烧烤小吃,12,20,1,5,1,2,4,4,麸质,共通,0,3,下午加餐/夜宵
181,煎饺,烧烤小吃,12,16,0,3,2,2,4,3,麸质,共通,0,3,早餐/下午加餐/夜宵
182,煎饼果子,烧烤小吃,8,12,1,3,3,2,5,2,麸质,共通,0,3,早餐/夜宵
183,薯条,烧烤小吃,10,15,0,4,1,2,5,2,,共通,1,3,下午加餐/夜宵
184,锅贴,烧烤小吃,12,16,0,3,2,2,4,3,麸质,长三角,0,3,早餐/下午加餐/夜宵
185,鸡蛋灌饼,烧烤小吃,8,12,1,3,3,2,5,3,麸质,共通,0,3,早餐/夜宵
186,卤味拼盘,烧烤小吃,10,28,0,3,3,1,2,4,,长三角,0,2,午餐/晚餐/夜宵
187,手抓饼,烧烤小吃,8,12,0,4,2,2,5,2,麸质,共通,0,2,早餐/下午加餐
188,沙县蒸饺,烧烤小吃,10,16,0,3,2,2,5,2,麸质,共通,0,2,午餐/晚餐/夜宵
189,烤玉米,烧烤小吃,12,15,1,2,4,2,5,1,,共通,1,2,下午加餐/夜宵
190,烤金针菇,烧烤小吃,12,18,2,2,3,2,3,2,,共通,1,2,晚餐/夜宵
191,烤韭菜,烧烤小吃,10,16,1,2,4,2,2,2,,共通,1,2,晚餐/夜宵
192,爆米花,烧烤小吃,5,15,0,2,2,1,5,1,,共通,1,2,下午加餐
193,盐酥鸡,烧烤小吃,12,22,1,5,1,2,4,4,麸质,共通,0,2,下午加餐/夜宵
194,臭豆腐,烧烤小吃,12,15,1,3,1,2,2,3,,长三角,1,2,下午加餐/夜宵
195,卤水鸡翅,烧腊卤味,30,26,0,3,3,1,2,4,,珠三角,0,3,午餐/晚餐/夜宵
196,烧鸭,烧腊卤味,60,55,0,5,2,2,2,5,,珠三角,0,3,午餐/晚餐
197,烧鹅,烧腊卤味,60,68,0,5,2,2,2,5,,珠三角,0,3,午餐/晚餐
198,牛杂,烧腊卤味,20,32,1,3,3,2,3,4,,珠三角,0,3,午餐/晚餐/夜宵
199,白切鸡,烧腊卤味,40,48,0,2,4,1,1,5,,珠三角,0,3,午餐/晚餐
200,脆皮烧肉,烧腊卤味,60,45,0,5,1,2,2,4,,珠三角,0,3,午餐/晚餐
201,蜜汁叉烧,烧腊卤味,40,42,0,4,2,1,4,4,,珠三角,0,3,午餐/晚餐
202,豉油鸡,烧腊卤味,45,45,0,3,3,1,3,5,,珠三角,0,3,午餐/晚餐
203,卤水拼盘,烧腊卤味,20,68,0,4,3,1,3,4,,珠三角,0,2,午餐/晚餐/夜宵
204,卤水掌翼,烧腊卤味,40,32,0,3,2,1,2,3,,珠三角,0,2,午餐/晚餐/夜宵
205,卤水豆腐,烧腊卤味,25,18,0,3,3,1,3,3,,珠三角,1,2,午餐/晚餐/夜宵
206,卤水鸭掌,烧腊卤味,40,28,0,3,2,1,2,3,,珠三角,0,2,午餐/晚餐/夜宵
207,手撕鸡,烧腊卤味,40,42,1,3,4,0,2,5,,珠三角,0,2,午餐/晚餐/夜宵
208,柱候牛腩,烧腊卤味,90,52,0,4,3,2,3,5,,珠三角,0,2,午餐/晚餐
209,清汤牛腩,烧腊卤味,90,55,0,3,4,2,2,5,,珠三角,0,2,午餐/晚餐
210,盐焗鸡,烧腊卤味,50,48,0,4,3,2,2,5,,珠三角,0,2,午餐/晚餐
211,金钱肚,烧腊卤味,20,30,0,3,2,2,2,3,,珠三角,0,2,早餐/午餐
212,叉烧饭,煲仔饭碟头饭,10,28,0,4,2,2,5,4,,珠三角,0,3,午餐/晚餐
213,咸肉菜饭,煲仔饭碟头饭,25,20,0,3,3,2,5,3,,长三角,0,3,午餐/晚餐
214,扬州炒饭,煲仔饭碟头饭,12,24,0,3,3,2,5,3,海鲜,长三角,0,3,午餐/晚餐/夜宵
215,油鸡饭,煲仔饭碟头饭,10,28,0,3,3,2,5,4,,珠三角,0,3,午餐/晚餐
216,烧腊双拼饭,煲仔饭碟头饭,10,30,0,4,2,2,5,4,,珠三角,0,3,午餐/晚餐
217,烧鹅饭,煲仔饭碟头饭,10,38,0,4,2,2,5,4,,珠三角,0,3,午餐/晚餐
218,猪脚饭,煲仔饭碟头饭,10,28,0,4,3,2,5,4,,珠三角,0,3,午餐/晚餐
219,腊味煲仔饭,煲仔饭碟头饭,25,32,0,4,3,2,5,4,,珠三角,0,3,早餐/午餐/晚餐
220,菜泡饭,煲仔饭碟头饭,10,12,0,1,4,2,4,1,,长三角,1,3,早餐/午餐/晚餐
221,豉油鸡饭,煲仔饭碟头饭,10,26,0,3,3,2,5,4,,珠三角,0,3,午餐/晚餐
222,隆江猪脚饭,煲仔饭碟头饭,10,26,0,5,2,2,5,4,,珠三角,0,3,午餐/晚餐
223,隆江猪脚饭(快餐),煲仔饭碟头饭,10,26,0,5,2,2,5,4,,珠三角,0,3,午餐/晚餐
224,北菇滑鸡饭,煲仔饭碟头饭,20,28,0,3,3,2,5,4,,珠三角,0,2,午餐/晚餐
225,叉烧煎蛋饭,煲仔饭碟头饭,10,28,0,4,3,2,5,4,,珠三角,0,2,午餐/晚餐
226,海南鸡饭,煲仔饭碟头饭,25,38,0,3,4,2,5,4,,珠三角,0,2,午餐/晚餐
227,滑鸡煲仔饭,煲仔饭碟头饭,25,30,0,3,3,2,5,4,,珠三角,0,2,早餐/午餐/晚餐
228,猪油拌饭,煲仔饭碟头饭,5,10,0,4,2,2,5,1,,长三角,0,2,午餐/夜宵
229,窝蛋牛肉煲仔饭,煲仔饭碟头饭,25,36,0,4,3,2,5,4,,珠三角,0,2,早餐/午餐/晚餐
230,窝蛋牛肉饭,煲仔饭碟头饭,12,28,0,3,3,2,5,4,,珠三角,0,2,午餐/晚餐
231,菜饭骨头汤,煲仔饭碟头饭,20,22,0,3,3,2,5,3,,长三角,0,2,午餐/晚餐
232,豉汁排骨煲仔饭,煲仔饭碟头饭,25,34,0,4,3,2,5,4,,珠三角,0,2,早餐/午餐/晚餐
233,双皮奶,糖水甜品,15,16,0,2,3,0,3,3,乳制品,珠三角,0,3,下午加餐/夜宵
234,杨枝甘露,糖水甜品,15,26,0,1,4,0,4,1,乳制品,珠三角,0,3,下午加餐/夜宵
235,海带绿豆沙,糖水甜品,60,14,0,1,4,2,5,1,,珠三角,1,3,下午加餐/夜宵
236,番薯糖水,糖水甜品,30,12,0,1,4,2,5,1,,珠三角,1,3,下午加餐/夜宵
237,绿豆沙,糖水甜品,60,12,0,1,4,2,5,1,,共通,1,3,下午加餐/夜宵
238,芝麻糊,糖水甜品,20,14,0,2,3,2,4,2,,珠三角,1,3,早餐/下午加餐/夜宵
239,菠萝包,糖水甜品,10,12,0,3,2,1,5,2,"麸质,乳制品",珠三角,0,3,早餐/下午加餐
240,菠萝油,糖水甜品,10,16,0,4,1,1,5,2,"麸质,乳制品",珠三角,0,3,早餐/下午加餐
241,蛋挞,糖水甜品,12,12,0,3,2,1,4,2,"麸质,乳制品",珠三角,0,3,早餐/下午加餐
242,陈皮红豆沙,糖水甜品,60,14,0,1,4,2,5,2,,珠三角,1,3,下午加餐/夜宵
243,姜撞奶,糖水甜品,12,16,0,2,3,2,3,3,乳制品,珠三角,0,2,下午加餐/夜宵
244,定胜糕,糖水甜品,8,10,0,2,2,1,5,1,,长三角,1,2,早餐/下午加餐
245,木瓜炖雪耳,糖水甜品,40,22,0,1,4,2,4,1,,珠三角,1,2,下午加餐/夜宵
246,核桃糊,糖水甜品,20,18,0,2,3,2,4,3,,珠三角,1,2,早餐/下午加餐/夜宵
247,桂花糖芋艿,糖水甜品,30,16,0,2,3,2,5,1,,长三角,1,2,下午加餐/夜宵
248,炖蛋,糖水甜品,15,14,0,1,4,2,3,3,,珠三角,0,2,下午加餐/夜宵
249,红豆冰,糖水甜品,8,18,0,2,2,0,5,2,乳制品,珠三角,0,2,下午加餐/夜宵
250,腐竹白果薏米糖水,糖水甜品,60,16,0,1,4,2,4,3,,珠三角,0,2,下午加餐/夜宵
251,芒果班戟,糖水甜品,15,22,0,3,2,0,4,2,"麸质,乳制品",珠三角,0,2,下午加餐/夜宵
252,例汤,老火汤羹,60,15,0,2,4,2,2,3,,珠三角,0,3,早餐/午餐/晚餐
253,冬瓜排骨汤,老火汤羹,60,32,0,2,4,2,2,3,,共通,0,3,午餐/晚餐
254,冬瓜薏米猪骨汤,老火汤羹,90,30,0,2,4,2,2,3,,珠三角,0,3,午餐/晚餐
255,玉米胡萝卜排骨汤,老火汤羹,60,34,0,2,4,2,3,3,,共通,0,3,午餐/晚餐
256,番茄蛋花汤,老火汤羹,10,16,0,1,4,2,2,3,,共通,0,3,早餐/午餐/晚餐
257,紫菜蛋花汤,老火汤羹,10,16,0,1,4,2,2,3,海鲜,共通,0,3,早餐/午餐/晚餐
258,西洋菜猪骨汤,老火汤羹,90,32,0,2,4,2,2,3,,珠三角,0,3,午餐/晚餐
259,霸王花猪骨汤,老火汤羹,90,32,0,2,4,2,1,3,,珠三角,0,3,午餐/晚餐
260,青红萝卜猪骨汤,老火汤羹,90,30,0,2,4,2,3,3,,珠三角,0,3,午餐/晚餐
261,山药排骨汤,老火汤羹,60,36,0,2,4,2,3,3,,共通,0,2,午餐/晚餐
262,椰子鸡汤,老火汤羹,90,48,0,2,4,2,2,4,,珠三角,0,2,午餐/晚餐
263,清补凉鸡汤,老火汤羹,90,42,0,2,4,2,3,4,,珠三角,0,2,午餐/晚餐
264,火腿冬瓜汤,老火汤羹,30,26,0,1,4,2,2,3,,长三角,0,2,早餐/午餐/晚餐
265,竹蔗茅根猪骨汤,老火汤羹,90,32,0,2,4,2,3,3,,珠三角,0,2,午餐/晚餐
266,笋干老鸭煲,老火汤羹,90,52,0,3,4,2,2,4,,长三角,0,2,午餐/晚餐
267,粉葛鲮鱼汤,老火汤羹,90,38,0,2,4,2,2,4,海鲜,珠三角,0,2,午餐/晚餐
268,罗宋汤,老火汤羹,45,28,0,3,4,2,3,3,,长三角,0,2,早餐/午餐/晚餐
269,老鸭汤,老火汤羹,90,48,0,3,4,2,2,4,,长三角,0,2,午餐/晚餐
270,寿司拼盘,西式简餐,12,48,0,2,4,1,4,3,海鲜,共通,0,3,午餐/晚餐/夜宵
271,日式咖喱饭,西式简餐,25,38,1,4,3,2,5,3,麸质,共通,0,3,午餐/晚餐
272,牛肉盖饭,西式简餐,15,38,0,4,3,2,5,4,麸质,共通,0,3,午餐/晚餐/夜宵
273,芝士汉堡,西式简餐,15,35,0,5,1,2,5,3,"乳制品,麸质",共通,0,3,午餐/晚餐/夜宵
274,三文鱼刺身,西式简餐,10,68,0,2,5,0,1,5,海鲜,共通,0,2,午餐/晚餐
275,凯撒鸡肉卷,西式简餐,10,30,0,3,3,1,4,4,"乳制品,麸质",共通,0,2,午餐/下午加餐
276,奶油培根意面,西式简餐,25,48,0,4,2,2,5,3,"麸质,乳制品",共通,0,2,午餐/晚餐
277,奶油蘑菇汤,西式简餐,20,28,0,3,3,2,4,2,"乳制品,麸质",共通,0,2,午餐/晚餐
278,帕尼尼,西式简餐,12,35,0,3,3,2,4,4,"麸质,乳制品",共通,0,2,午餐/下午加餐
279,海鲜披萨,西式简餐,25,58,0,4,2,2,5,4,"乳制品,麸质,海鲜",共通,0,2,午餐/晚餐/夜宵
280,炸猪排饭,西式简餐,20,45,0,5,2,2,5,4,麸质,共通,0,2,午餐/晚餐
281,炸鱼薯条,西式简餐,20,45,0,5,1,2,5,3,"麸质,海鲜",共通,0,2,午餐/晚餐/夜宵
282,炸鸡汉堡,西式简餐,15,32,1,5,1,2,5,3,麸质,共通,0,2,午餐/晚餐/夜宵
283,丝袜奶茶,轻食健康,5,18,0,2,2,1,4,2,乳制品,珠三角,0,3,早餐/下午加餐
284,冻柠茶,轻食健康,5,15,0,1,2,0,4,1,,珠三角,1,3,午餐/下午加餐
285,奶茶,轻食健康,5,16,0,2,2,1,5,1,乳制品,共通,0,3,下午加餐
286,拿铁,轻食健康,4,28,0,2,3,1,2,2,乳制品,共通,0,3,早餐/下午加餐
287,水煮时蔬,轻食健康,10,22,0,1,5,1,2,2,,共通,1,3,午餐/晚餐
288,珍珠奶茶,轻食健康,5,18,0,2,2,0,5,1,乳制品,共通,0,3,下午加餐
289,美式咖啡,轻食健康,3,22,0,1,3,1,1,1,,共通,1,3,早餐/下午加餐
290,凯撒沙拉,轻食健康,10,38,0,3,4,0,2,4,"乳制品,麸质",共通,0,2,午餐/下午加餐
291,波奇饭,轻食健康,12,52,0,2,5,0,4,4,海鲜,共通,0,2,午餐/下午加餐
292,藜麦鸡胸沙拉,轻食健康,12,42,0,1,5,0,3,5,,共通,0,2,午餐/下午加餐
293,鲜榨橙汁,轻食健康,5,18,0,1,4,0,4,1,,共通,1,2,早餐/下午加餐
294,上海大排面,长三角粉面,20,26,0,3,3,2,4,4,麸质,长三角,0,3,早餐/午餐/晚餐
295,上海辣肉面,长三角粉面,15,24,1,3,3,2,4,3,麸质,长三角,0,3,早餐/午餐/晚餐
296,上海阳春面,长三角粉面,10,12,0,1,4,2,4,2,麸质,长三角,1,3,早餐/午餐/晚餐
297,杭州片儿川,长三角粉面,15,22,0,3,3,2,4,3,麸质,长三角,0,3,早餐/午餐/晚餐
298,苏州奥灶面,长三角粉面,18,28,0,3,3,2,4,4,麸质,长三角,0,3,早餐/午餐/晚餐
299,葱油拌面,长三角粉面,10,14,0,2,3,2,5,2,麸质,长三角,1,3,早餐/午餐/晚餐
300,雪菜肉丝面,长三角粉面,15,20,0,2,4,2,4,3,麸质,长三角,0,3,早餐/午餐/晚餐
301,上海冷面,长三角粉面,15,18,0,2,3,0,5,2,"麸质,花生",长三角,1,2,午餐
302,上海大肠面,长三角粉面,20,30,1,4,2,2,4,3,麸质,长三角,0,2,午餐/晚餐
303,上海炒面,长三角粉面,18,22,0,4,2,2,5,2,麸质,长三角,0,2,午餐/晚餐/夜宵
304,上海烂糊面,长三角粉面,20,20,0,1,4,2,4,3,麸质,长三角,0,2,早餐/午餐/晚餐
305,两面黄,长三角粉面,20,30,0,4,2,2,5,3,"海鲜,麸质",长三角,0,2,午餐/晚餐
306,南京皮肚面,长三角粉面,18,22,2,3,3,2,4,3,麸质,长三角,0,2,早餐/午餐/晚餐
307,南京老卤面,长三角粉面,18,24,1,3,3,2,4,4,麸质,长三角,0,2,早餐/午餐/晚餐
308,双浇面,长三角粉面,20,32,0,3,3,2,4,4,麸质,长三角,0,2,早餐/午餐/晚餐
309,开洋葱油拌面,长三角粉面,12,22,0,2,3,2,5,3,"海鲜,麸质",长三角,0,2,早餐/午餐/晚餐
310,可颂,面包甜点,5,18,0,4,1,1,5,2,"麸质,乳制品",共通,0,2,早餐/下午加餐
311,吐司配果酱,面包甜点,5,12,0,2,3,1,5,2,麸质,共通,1,2,下午加餐
312,火腿芝士三明治,面包甜点,8,24,0,3,3,1,4,3,"麸质,乳制品",共通,0,2,下午加餐
313,牛油果吐司,面包甜点,6,28,0,2,5,1,4,2,麸质,共通,1,2,下午加餐
314,瑞士卷,面包甜点,5,24,0,3,2,1,4,2,"麸质,乳制品",珠三角,0,2,下午加餐
315,蛋卷,面包甜点,5,18,0,3,2,1,4,2,"麸质,乳制品",珠三角,0,2,下午加餐
316,蛋糕卷,面包甜点,5,22,0,3,2,1,4,2,"麸质,乳制品",共通,0,2,下午加餐
