dish_id,dish_name,category,region,time_cost,price,spicy,heavy,healthy,temperature,carb,protein,taboo,is_veg,meal_slots,frequency
0,东北乱炖,东北菜,东北,50,45,0,3,4,2,4,3,,0,午餐/晚餐,3
1,东北土豆丝,东北菜,东北,12,18,1,3,3,2,4,1,,1,早餐/午餐/晚餐,3
2,东北大冷面,东北菜,东北,12,22,1,2,3,0,5,3,麸质,0,午餐/下午加餐/夜宵,3
3,东北大拉皮,东北菜,东北,15,22,1,2,3,0,3,2,,1,午餐/晚餐/夜宵,3
4,东北大拌菜,东北菜,东北,10,20,1,2,4,0,3,2,,1,早餐/午餐/晚餐,3
5,东北大煎饼,东北菜,东北,10,12,0,3,3,2,5,2,,0,早餐/夜宵,3
6,东北大碴粥,东北菜,东北,60,8,0,1,4,2,4,2,,1,早餐,3
7,东北大豆腐,东北菜,东北,10,14,0,1,4,1,2,3,,1,早餐/午餐/晚餐,3
8,东北大饼子,东北菜,东北,15,10,0,3,3,2,5,2,,0,早餐/午餐/晚餐,3
9,东北小米粥,东北菜,东北,40,8,0,1,4,2,4,2,,1,早餐,3
10,东北烤串,东北菜,东北,20,45,1,4,2,2,2,4,,0,晚餐/夜宵,3
11,东北皮冻,东北菜,东北,25,22,0,2,2,0,2,4,,0,午餐/晚餐/夜宵,3
12,东北酸菜炒肉,东北菜,东北,20,32,0,4,3,2,3,3,,0,午餐/晚餐,3
13,东北饭包,东北菜,东北,12,18,1,3,3,1,5,2,,0,午餐/晚餐,3
14,凉拌猪耳朵,东北菜,东北,20,28,1,3,3,0,3,4,,0,午餐/晚餐/夜宵,3
15,哈尔滨红肠,东北菜,东北,10,26,0,4,2,1,3,4,,0,午餐/晚餐/夜宵,3
16,土豆炖牛肉,东北菜,东北,70,58,0,4,4,2,4,5,,0,午餐/晚餐,3
17,土豆炖茄子,东北菜,东北,30,26,0,3,4,2,4,2,,1,午餐/晚餐,3
18,地三鲜(东北),东北菜,东北,20,26,0,4,3,2,4,2,,1,午餐/晚餐,3
19,大酱炒鸡蛋,东北菜,东北,12,18,0,3,3,2,2,4,,0,早餐/午餐/晚餐,3
20,小葱拌豆腐,东北菜,东北,8,14,0,1,4,0,2,3,,1,早餐/午餐/晚餐,3
21,小鸡炖蘑菇,东北菜,东北,60,58,0,3,4,2,3,5,,0,午餐/晚餐,3
22,尖椒干豆腐,东北菜,东北,15,24,1,3,4,2,3,3,,0,午餐/晚餐,3
23,干豆腐卷大葱,东北菜,东北,8,16,0,2,3,0,3,3,,0,早餐/午餐/晚餐,3
24,干豆腐炒尖椒,东北菜,东北,12,22,1,3,4,2,3,3,,0,早餐/午餐/晚餐,3
25,手撕包菜(东北),东北菜,东北,12,20,1,3,3,2,3,1,,1,早餐/午餐/晚餐,3
26,拌三丝,东北菜,东北,12,18,1,2,4,0,3,2,,1,早餐/午餐/晚餐,3
27,拌土豆丝,东北菜,东北,10,14,1,2,3,0,4,1,,1,早餐/午餐/晚餐,3
28,拌干豆腐丝,东北菜,东北,10,18,1,2,4,0,3,3,,0,早餐/午餐/晚餐,3
29,拌木耳,东北菜,东北,10,16,1,1,5,0,3,2,,1,早餐/午餐/晚餐,3
30,拌黄瓜,东北菜,东北,8,12,0,1,4,0,2,1,,1,早餐/午餐/晚餐,3
31,拍黄瓜,东北菜,东北,8,12,1,1,4,0,2,1,,1,早餐/午餐/晚餐,3
32,排骨炖豆角,东北菜,东北,50,48,0,3,4,2,3,4,,0,午餐/晚餐,3
33,杀猪菜,东北菜,东北,60,58,0,4,3,2,3,4,,0,午餐/晚餐,3
34,炒绿豆芽,东北菜,东北,10,14,0,2,4,2,3,2,,1,早餐/午餐/晚餐,3
35,炒黄豆芽,东北菜,东北,12,16,0,2,4,2,3,2,,1,早餐/午餐/晚餐,3
36,烤鸡架,东北菜,东北,20,26,1,4,2,2,2,4,,0,晚餐/夜宵,3
37,熘肉段,东北菜,东北,25,38,0,4,3,2,5,4,麸质,0,午餐/晚餐,3
38,猪肉炖粉条,东北菜,东北,60,45,0,4,3,2,4,4,,0,午餐/晚餐,3
39,猪肉白菜饺子,东北菜,东北,25,24,0,3,3,2,5,3,麸质,0,早餐/午餐/晚餐,3
40,白菜炖豆腐,东北菜,东北,40,28,0,2,4,2,3,3,,0,午餐/晚餐,3
41,石锅拌饭,东北菜,东北,20,32,1,3,4,2,5,4,,0,午餐/晚餐,3
42,粘玉米,东北菜,东北,20,8,0,2,4,2,5,2,,1,早餐/下午加餐,3
43,粘豆包,东北菜,东北,15,12,0,3,2,2,5,2,,1,早餐/下午加餐,3
44,红烧带鱼,东北菜,东北,30,40,0,3,4,2,3,4,海鲜,0,午餐/晚餐,3
45,红烧排骨(东北),东北菜,东北,50,48,0,4,3,2,4,4,,0,午餐/晚餐,3
46,老虎菜,东北菜,东北,8,14,1,1,4,0,3,2,,1,早餐/午餐/晚餐,3
47,蒜泥白肉(东北),东北菜,东北,40,42,1,4,3,1,2,4,,0,午餐/晚餐,3
48,蘸酱菜,东北菜,东北,8,16,0,1,4,0,3,2,,1,早餐/午餐/晚餐,3
49,西红柿炖牛腩,东北菜,东北,70,58,0,3,4,2,4,5,,0,午餐/晚餐,3
50,豆角焖面,东北菜,东北,30,30,0,4,3,2,5,3,麸质,0,午餐/晚餐,3
51,酱烧茄子,东北菜,东北,20,26,0,3,3,2,4,2,,0,午餐/晚餐,3
52,酱猪蹄,东北菜,东北,90,38,0,4,3,1,2,5,,0,午餐/晚餐/夜宵,3
53,酸菜炒粉,东北菜,东北,20,26,0,3,3,2,5,2,,0,午餐/晚餐,3
54,酸菜炒粉条,东北菜,东北,20,28,0,3,3,2,5,2,,0,午餐/晚餐,3
55,酸菜炖排骨,东北菜,东北,60,48,0,4,3,2,3,4,,0,午餐/晚餐,3
56,酸菜炖白肉,东北菜,东北,60,48,0,4,3,2,3,4,,0,午餐/晚餐,3
57,酸菜猪肉饺子,东北菜,东北,25,26,0,3,3,2,5,3,麸质,0,早餐/午餐/晚餐,3
58,醋溜豆芽,东北菜,东北,10,14,0,2,4,2,3,2,,1,早餐/午餐/晚餐,3
59,锅包肉,东北菜,东北,25,42,0,4,3,2,5,4,麸质,0,午餐/晚餐,3
60,一锅出,东北菜,东北,45,42,0,4,3,2,4,4,,0,午餐/晚餐,2
61,东北乱拌,东北菜,东北,10,18,1,2,4,0,3,2,,1,早餐/午餐/晚餐,2
62,东北臭豆腐,东北菜,东北,12,14,1,3,1,2,2,3,,1,午餐/晚餐/夜宵,2
63,东北酸菜,东北菜,东北,15,16,0,2,3,1,3,1,,1,午餐/晚餐,2
64,冷面(咸口),东北菜,东北,12,20,0,2,3,0,5,3,麸质,0,午餐/下午加餐,2
65,冻豆腐炖白菜,东北菜,东北,40,28,0,2,4,2,3,3,,0,午餐/晚餐,2
66,凉拌猪蹄,东北菜,东北,30,32,1,3,3,0,2,5,,0,午餐/晚餐/夜宵,2
67,四喜丸子(东北),东北菜,东北,45,38,0,4,3,2,3,4,,0,午餐/晚餐,2
68,圆葱拌木耳,东北菜,东北,10,16,1,1,5,0,3,2,,1,早餐/午餐/晚餐,2
69,大丰收,东北菜,东北,30,38,0,3,4,2,4,3,,0,午餐/晚餐,2
70,大骨炖酸菜,东北菜,东北,70,48,0,4,3,2,3,4,,0,午餐/晚餐,2
71,小鸡炖蘑菇粉条,东北菜,东北,60,60,0,3,4,2,4,5,,0,午餐/晚餐,2
72,干炸丸子,东北菜,东北,25,32,0,4,2,2,4,4,麸质,0,午餐/晚餐,2
73,干炸带鱼,东北菜,东北,25,38,0,4,3,2,3,4,海鲜,0,午餐/晚餐,2
74,拌粉丝,东北菜,东北,10,16,0,2,3,0,4,2,,1,早餐/午餐/晚餐,2
75,拌菠菜,东北菜,东北,10,14,0,1,4,0,2,2,,1,早餐/午餐/晚餐,2
76,拔丝地瓜,东北菜,东北,25,22,0,3,2,2,5,1,,1,下午加餐/夜宵,2
77,拔丝苹果,东北菜,东北,25,22,0,3,2,2,5,1,,1,下午加餐/夜宵,2
78,朝鲜族冷面,东北菜,东北,12,24,1,2,3,0,5,3,麸质,0,午餐/下午加餐/夜宵,2
79,松仁小肚,东北菜,东北,15,28,0,3,3,1,3,4,,0,午餐/晚餐/夜宵,2
80,汆白肉,东北菜,东北,40,42,0,3,4,2,3,4,,0,午餐/晚餐,2
81,渍菜粉,东北菜,东北,20,26,0,3,3,2,5,2,,0,午餐/晚餐,2
82,溜肉段,东北菜,东北,25,38,0,4,3,2,5,4,麸质,0,午餐/晚餐,2
83,炒肉拉皮,东北菜,东北,15,28,1,3,3,0,3,3,,0,午餐/晚餐,2
84,炖羊肉,东北菜,东北,80,68,0,4,3,2,3,5,,0,午餐/晚餐,2
85,炸茄盒,东北菜,东北,25,30,0,4,2,2,4,3,麸质,0,午餐/晚餐,2
86,烧鸡(东北),东北菜,东北,70,48,0,3,3,1,2,5,,0,午餐/晚餐/夜宵,2
87,熏酱拼盘,东北菜,东北,15,48,0,4,3,1,2,4,,0,午餐/晚餐/夜宵,2
88,熏鸡,东北菜,东北,60,46,0,3,3,1,2,5,,0,午餐/晚餐/夜宵,2
89,猪肉皮冻,东北菜,东北,25,22,0,2,2,0,2,4,,0,午餐/晚餐/夜宵,2
90,白肉汆酸菜,东北菜,东北,50,45,0,3,4,2,3,4,,0,午餐/晚餐,2
91,白肉血肠,东北菜,东北,50,48,0,4,3,2,3,4,,0,午餐/晚餐,2
92,糖醋排骨(东北),东北菜,东北,45,45,0,4,3,2,4,4,,0,午餐/晚餐,2
93,红烧肉炖粉条,东北菜,东北,70,52,0,5,2,2,4,4,,0,午餐/晚餐,2
94,红烧肘子,东北菜,东北,120,58,0,5,2,2,2,5,,0,午餐/晚餐,2
95,红烧鲤鱼,东北菜,东北,40,52,0,3,4,2,3,5,海鲜,0,午餐/晚餐,2
96,茄子炖土豆,东北菜,东北,30,26,0,3,4,2,4,2,,1,午餐/晚餐,2
97,蘸酱小菜,东北菜,东北,8,16,0,1,4,0,3,2,,1,早餐/午餐/晚餐,2
98,软炸里脊,东北菜,东北,20,38,0,4,3,2,4,4,麸质,0,午餐/晚餐,2
99,酱焖鲫鱼,东北菜,东北,40,48,0,3,4,2,3,5,海鲜,0,午餐/晚餐,2
100,酱牛肉(东北),东北菜,东北,120,58,0,3,3,1,2,5,,0,午餐/晚餐/夜宵,2
101,酱猪肝,东北菜,东北,40,28,0,3,2,1,2,4,,0,午餐/晚餐/夜宵,2
102,酸菜白肉血肠,东北菜,东北,60,55,0,4,3,2,3,4,,0,午餐/晚餐,2
103,铁锅炖大鹅,东北菜,东北,90,98,0,4,4,2,3,5,,0,午餐/晚餐,2
104,铁锅炖鱼,东北菜,东北,70,78,0,4,4,2,3,5,海鲜,0,午餐/晚餐,2
105,锅出溜,东北菜,东北,25,28,0,3,3,2,4,3,麸质,0,午餐/晚餐,2
106,锅塌豆腐,东北菜,东北,20,28,0,3,4,2,3,3,,0,午餐/晚餐,2
107,雪里蕻炖豆腐,东北菜,东北,40,26,0,2,4,2,3,3,,0,午餐/晚餐,2
108,韭菜盒子(东北),东北菜,东北,15,16,0,3,3,2,4,2,麸质,1,早餐/下午加餐,2
109,鲫鱼炖豆腐,东北菜,东北,40,46,0,3,4,2,2,4,海鲜,0,午餐/晚餐,2
110,鲶鱼炖茄子,东北菜,东北,50,58,0,4,3,2,3,5,海鲜,0,午餐/晚餐,2
111,鸡蛋焖子,东北菜,东北,20,18,0,2,3,2,2,4,,0,早餐/午餐/晚餐,2
112,东北乱炖(素),东北菜,东北,40,28,0,3,4,2,4,3,,1,午餐/晚餐,1
113,东北大米饭配酱菜,东北菜,东北,20,12,0,2,3,2,5,1,,1,早餐/午餐/晚餐,1
114,东北春饼,东北菜,东北,15,18,0,2,3,2,5,2,麸质,1,早餐/午餐/晚餐,1
115,干煸茧蛹,东北菜,东北,20,38,1,3,4,2,1,5,,0,午餐/晚餐,1
116,得莫利炖活鱼,东北菜,东北,60,88,0,3,4,2,3,5,海鲜,0,午餐/晚餐,1
117,扒肘子,东北菜,东北,120,58,0,5,2,2,2,5,,0,午餐/晚餐,1
118,沟帮子熏鸡,东北菜,东北,60,46,0,3,3,1,2,5,,0,午餐/晚餐/夜宵,1
119,炒蚕蛹,东北菜,东北,20,36,1,3,4,2,1,5,,0,午餐/晚餐,1
120,炸藕合(东北),东北菜,东北,25,30,0,4,2,2,4,2,麸质,0,午餐/晚餐,1
121,狗肉汤,东北菜,东北,90,68,1,4,3,2,2,5,,0,午餐/晚餐,1
122,筋饼卷菜,东北菜,东北,15,18,0,3,3,2,5,2,麸质,0,早餐/午餐/晚餐,1
123,苏子叶饽饽,东北菜,东北,20,14,0,2,3,2,5,1,,1,早餐/下午加餐,1
124,雪衣豆沙,东北菜,东北,30,26,0,3,2,1,4,2,,0,下午加餐,1
125,宫保鸡丁,家常炒菜,共通,15,30,2,3,3,2,4,4,花生,0,早餐/午餐/晚餐,3
126,手撕包菜,家常炒菜,长三角,10,16,1,3,3,2,3,1,,1,早餐/午餐/晚餐,3
127,毛豆炒肉丝,家常炒菜,长三角,12,22,0,3,4,2,3,4,,0,早餐/午餐/晚餐,3
128,清炒芥兰,家常炒菜,珠三角,8,18,0,2,5,2,2,1,,1,早餐/午餐/晚餐,3
129,番茄炒牛肉,家常炒菜,珠三角,12,28,0,3,4,2,3,4,,0,早餐/午餐/晚餐,3
130,番茄炒蛋,家常炒菜,共通,10,18,0,2,4,2,3,3,,0,早餐/午餐/晚餐,3
131,白灼菜心,家常炒菜,珠三角,8,16,0,1,5,2,2,1,,1,早餐/午餐/晚餐,3
132,茭白炒肉丝,家常炒菜,长三角,12,24,0,3,4,2,2,4,,0,午餐/晚餐,3
133,蒜蓉空心菜,家常炒菜,珠三角,8,16,0,2,5,2,2,1,,1,早餐/午餐/晚餐,3
134,蚝油生菜,家常炒菜,珠三角,6,15,0,2,4,2,2,1,,0,早餐/午餐/晚餐,3
135,辣椒炒肉,家常炒菜,共通,12,28,2,4,3,2,3,4,,0,早餐/午餐/晚餐,3
136,醋溜白菜,家常炒菜,长三角,10,14,0,2,4,2,3,1,,1,早餐/午餐/晚餐,3
137,雪菜炒毛豆,家常炒菜,长三角,10,16,0,2,4,2,3,3,,1,早餐/午餐/晚餐,3
138,青椒肉丝,家常炒菜,长三角,12,24,1,3,4,2,2,4,,0,早餐/午餐/晚餐,3
139,香干炒芹菜,家常炒菜,长三角,10,18,0,2,5,2,2,3,,1,早餐/午餐/晚餐,3
140,鱼香肉丝,家常炒菜,共通,15,26,2,3,3,2,4,4,,0,早餐/午餐/晚餐,3
141,麻婆豆腐,家常炒菜,共通,12,22,3,3,4,2,3,3,,0,早餐/午餐/晚餐,3
142,上汤娃娃菜,家常炒菜,长三角,12,22,0,2,4,2,2,3,,0,早餐/午餐/晚餐,2
143,八宝辣酱,家常炒菜,长三角,25,34,1,4,2,2,3,3,花生,0,午餐/晚餐,2
144,咕噜肉,家常炒菜,珠三角,20,34,0,4,2,2,4,3,,0,午餐/晚餐,2
145,咸蛋蒸肉饼,家常炒菜,珠三角,20,26,0,3,3,2,2,4,,0,早餐/午餐/晚餐,2
146,四喜烤麸,家常炒菜,长三角,20,22,0,3,3,0,3,3,麸质!花生,1,午餐/晚餐,2
147,地三鲜,家常炒菜,长三角,18,22,0,4,3,2,4,2,,1,午餐/晚餐,2
148,小炒黄牛肉,家常炒菜,共通,15,42,3,4,3,2,3,5,,0,早餐/午餐/晚餐,2
149,干煸四季豆,家常炒菜,长三角,15,20,1,3,3,2,3,3,,0,午餐/晚餐,2
150,椒盐豆腐,家常炒菜,珠三角,12,20,1,3,3,2,3,3,,0,午餐/晚餐/夜宵,2
151,榄菜肉碎四季豆,家常炒菜,珠三角,12,24,0,3,3,2,3,3,,0,早餐/午餐/晚餐,2
152,油焖春笋,家常炒菜,长三角,18,30,0,3,3,2,3,2,,1,午餐/晚餐,2
153,清炒草头,家常炒菜,长三角,10,22,0,3,4,2,2,2,,1,午餐/晚餐,2
154,粟米鱼块,家常炒菜,珠三角,15,28,0,2,3,2,3,4,海鲜,0,早餐/午餐/晚餐,2
155,糟毛豆,家常炒菜,长三角,15,16,0,1,4,0,3,2,,1,午餐/晚餐/夜宵,2
156,老少平安,家常炒菜,珠三角,15,22,0,2,4,2,2,4,海鲜,0,早餐/午餐/晚餐,2
157,腌笃鲜,家常炒菜,长三角,70,55,0,3,4,2,2,4,,0,午餐/晚餐,2
158,腐乳通菜,家常炒菜,珠三角,8,16,0,2,4,2,2,1,,1,早餐/午餐/晚餐,2
159,虾仁滑蛋,家常炒菜,珠三角,10,32,0,2,4,2,1,5,海鲜,0,早餐/午餐/晚餐,2
160,西芹炒鸡柳,家常炒菜,珠三角,12,26,0,2,4,2,2,4,,0,早餐/午餐/晚餐,2
161,豆豉鲮鱼油麦菜,家常炒菜,珠三角,8,24,0,3,3,2,2,3,海鲜,0,早餐/午餐/晚餐,2
162,串串香(川),川菜,四川,40,55,3,4,3,2,3,4,,0,晚餐/夜宵,3
163,冒菜(川),川菜,四川,25,34,3,4,3,2,4,3,,0,午餐/晚餐/夜宵,3
164,冰粉,川菜,四川,8,12,0,1,3,0,4,1,,1,下午加餐/夜宵,3
165,口水鸡,川菜,四川,30,42,3,3,3,0,2,5,花生,0,午餐/晚餐,3
166,四川抄手,川菜,四川,12,20,2,2,3,2,4,3,麸质,0,早餐/午餐/晚餐,3
167,四川泡菜,川菜,四川,10,10,2,1,3,1,2,1,,1,早餐/午餐/晚餐,3
168,回锅肉,川菜,四川,20,38,2,4,3,2,3,4,,0,午餐/晚餐,3
169,夫妻肺片,川菜,四川,20,42,2,3,3,0,2,4,,1,午餐/晚餐/夜宵,3
170,宫保鸡丁(川),川菜,四川,18,32,2,3,3,2,4,4,花生,0,午餐/晚餐,3
171,小炒肉(川),川菜,四川,15,30,2,4,3,2,3,4,,0,午餐/晚餐,3
172,川北凉粉,川菜,四川,10,14,3,2,2,0,4,1,,1,下午加餐/夜宵,3
173,川味凉拌黄瓜,川菜,四川,8,12,2,1,4,0,2,1,,1,早餐/午餐/晚餐,3
174,川味小龙虾,川菜,四川,45,98,3,3,3,2,1,5,海鲜,0,晚餐/夜宵,3
175,川味炒时蔬,川菜,四川,10,18,2,2,4,2,2,1,,1,早餐/午餐/晚餐,3
176,川味红烧肉,川菜,四川,60,48,1,5,2,2,3,4,,0,午餐/晚餐,3
177,川味蒸蛋,川菜,四川,15,18,1,1,4,2,1,3,,0,早餐/午餐/晚餐,3
178,干煸四季豆(川),川菜,四川,18,24,2,3,3,2,3,3,,0,午餐/晚餐,3
179,干锅土豆片,川菜,四川,20,30,3,4,3,2,4,2,,0,午餐/晚餐,3
180,干锅花菜(川),川菜,四川,20,32,3,4,3,2,3,2,,0,午餐/晚餐,3
181,手撕包菜(川),川菜,四川,10,16,2,3,3,2,3,1,,1,早餐/午餐/晚餐,3
182,担担面,川菜,四川,12,22,3,3,3,2,5,3,麸质!花生,0,早餐/午餐/晚餐,3
183,毛血旺,川菜,四川,35,62,3,4,3,2,2,4,,0,午餐/晚餐,3
184,水煮牛肉,川菜,四川,30,68,3,4,3,2,2,5,,0,午餐/晚餐,3
185,水煮肉片,川菜,四川,30,52,3,4,3,2,2,4,,0,午餐/晚餐,3
186,水煮鱼(川),川菜,四川,30,68,3,4,3,2,2,5,海鲜,0,午餐/晚餐,3
187,泡椒凤爪,川菜,四川,20,28,3,2,2,0,3,3,,0,午餐/晚餐/夜宵,3
188,炝炒莲白,川菜,四川,10,16,2,2,4,2,3,1,,1,早餐/午餐/晚餐,3
189,烤鱼(川),川菜,四川,40,78,3,4,3,2,3,5,海鲜,0,晚餐/夜宵,3
190,粉蒸肉(川),川菜,四川,50,38,1,4,3,2,4,4,,0,午餐/晚餐,3
191,红油抄手,川菜,四川,12,22,3,3,3,2,4,3,麸质,0,早餐/午餐/晚餐,3
192,红油水饺,川菜,四川,12,20,3,3,3,2,4,3,麸质,0,早餐/午餐/晚餐,3
193,红糖糍粑,川菜,四川,15,18,0,2,2,2,5,1,,1,下午加餐/夜宵,3
194,肥肠面,川菜,四川,15,30,3,4,2,2,5,3,麸质,0,早餐/午餐/晚餐,3
195,蒜泥白肉,川菜,四川,30,38,1,4,3,1,2,4,,0,午餐/晚餐,3
196,蒜苔炒腊肉,川菜,四川,20,40,2,4,3,2,3,4,,0,午餐/晚餐,3
197,豌杂面,川菜,四川,15,24,3,3,3,2,5,4,麸质,0,早餐/午餐/晚餐,3
198,辣子鸡,川菜,四川,25,48,3,4,3,2,3,5,,0,午餐/晚餐,3
199,酸汤肥牛,川菜,四川,25,58,2,3,4,2,3,5,,0,午餐/晚餐,3
200,酸菜鱼(川),川菜,四川,30,68,2,3,4,2,2,5,海鲜,0,午餐/晚餐,3
201,酸辣粉(川),川菜,四川,12,18,3,3,2,2,5,2,,0,午餐/晚餐/夜宵,3
202,重庆小面(川),川菜,四川,12,18,3,3,3,2,4,2,麸质,0,早餐/午餐/晚餐,3
203,重庆酸辣粉,川菜,四川,12,18,3,3,2,2,5,2,,0,午餐/晚餐/夜宵,3
204,钟水饺,川菜,四川,12,20,2,2,3,2,4,3,麸质,0,早餐/午餐/晚餐,3
205,钵钵鸡,川菜,四川,25,42,3,3,3,0,2,4,,0,午餐/晚餐/夜宵,3
206,青椒肉丝(川),川菜,四川,15,26,2,3,4,2,2,4,,0,午餐/晚餐,3
207,鱼香肉丝(川),川菜,四川,18,28,2,3,3,2,4,4,,0,午餐/晚餐,3
208,鱼香茄子,川菜,四川,20,26,2,4,3,2,3,2,,0,午餐/晚餐,3
209,鸡丝凉面,川菜,四川,12,22,2,2,3,0,5,3,麸质!花生,0,午餐/下午加餐,3
210,麻婆豆腐(川),川菜,四川,15,24,3,3,4,2,3,3,,0,午餐/晚餐,3
211,麻辣烫(川),川菜,四川,20,30,3,3,3,2,4,3,,0,午餐/晚餐/夜宵,3
212,麻辣牛肉面,川菜,四川,15,32,3,4,3,2,5,4,麸质,0,早餐/午餐/晚餐,3
213,麻辣香锅(川),川菜,四川,25,45,3,5,2,2,4,4,,0,午餐/晚餐/夜宵,3
214,三大炮,川菜,四川,10,14,0,2,2,1,5,1,,1,下午加餐,2
215,五香牛肉干,川菜,四川,30,48,1,3,3,0,2,5,,0,午餐/晚餐/夜宵,2
216,伤心凉粉,川菜,四川,10,16,3,2,2,0,4,1,,1,下午加餐/夜宵,2
217,军屯锅魁,川菜,四川,12,16,1,3,3,2,5,3,麸质,0,早餐/下午加餐,2
218,凉虾,川菜,四川,8,12,0,1,3,0,4,1,,1,下午加餐/夜宵,2
219,卤鸭脖(川),川菜,四川,40,28,3,2,2,1,3,3,,0,午餐/晚餐/夜宵,2
220,叶儿粑,川菜,四川,12,12,0,2,2,2,5,2,,0,早餐/下午加餐,2
221,咸烧白,川菜,四川,60,42,1,5,2,2,3,4,,0,午餐/晚餐,2
222,啤酒鸭,川菜,四川,60,58,1,4,3,2,2,5,,0,午餐/晚餐,2
223,宜宾燃面,川菜,四川,12,20,3,4,2,2,5,3,麸质!花生,0,早餐/午餐/晚餐,2
224,富顺豆花,川菜,四川,20,18,1,2,4,2,3,3,,1,早餐/午餐/晚餐,2
225,川味凉糕,川菜,四川,10,12,0,1,3,0,4,1,,1,下午加餐/夜宵,2
226,川味干锅鸡,川菜,四川,35,55,3,4,3,2,2,5,,0,午餐/晚餐,2
227,川味烧肥肠,川菜,四川,50,48,3,4,2,2,3,3,,0,午餐/晚餐,2
228,川味红烧排骨,川菜,四川,50,48,2,4,3,2,4,4,,0,午餐/晚餐,2
229,川味红烧牛肉,川菜,四川,90,62,2,4,3,2,3,5,,0,午餐/晚餐,2
230,川味肥肠粉,川菜,四川,15,26,3,3,3,2,5,3,,0,午餐/晚餐/夜宵,2
231,川味腊肉,川菜,四川,40,42,2,5,2,2,2,4,,0,午餐/晚餐,2
232,川味香肠,川菜,四川,30,38,2,4,2,2,3,4,,0,午餐/晚餐,2
233,川味香肠(蒸),川菜,四川,30,38,2,4,2,2,3,4,,0,午餐/晚餐,2
234,川味香辣虾,川菜,四川,30,78,3,4,3,2,2,5,海鲜,0,晚餐/夜宵,2
235,干煸牛肉丝,川菜,四川,25,48,3,4,3,2,2,5,,0,午餐/晚餐,2
236,干煸肥肠,川菜,四川,30,48,3,4,2,2,3,3,,0,午餐/晚餐,2
237,干锅茶树菇(川),川菜,四川,25,42,3,4,3,2,3,2,,0,午餐/晚餐,2
238,泡椒牛蛙,川菜,四川,30,68,3,3,4,2,2,5,,0,午餐/晚餐,2
239,泡椒猪肝,川菜,四川,20,32,3,3,3,2,3,4,,0,午餐/晚餐,2
240,泡椒鸡杂,川菜,四川,20,32,3,3,3,2,3,3,,0,午餐/晚餐,2
241,泡菜鱼,川菜,四川,30,62,2,3,4,2,2,5,海鲜,0,午餐/晚餐,2
242,牛肉焦饼,川菜,四川,12,18,1,3,3,2,5,3,麸质,0,早餐/下午加餐,2
243,甜水面,川菜,四川,12,18,2,2,3,1,5,2,麸质!花生,1,早餐/下午加餐,2
244,甜烧白,川菜,四川,60,42,0,5,2,2,4,3,,0,午餐/晚餐,2
245,盐煎肉,川菜,四川,20,36,2,4,3,2,3,4,,0,午餐/晚餐,2
246,粉蒸排骨,川菜,四川,50,42,1,4,3,2,4,4,,0,午餐/晚餐,2
247,糖油果子,川菜,四川,10,12,0,3,2,1,5,1,,1,早餐/下午加餐,2
248,老妈蹄花,川菜,四川,120,48,0,4,3,2,2,5,,0,午餐/晚餐,2
249,花椒鸡,川菜,四川,30,52,3,4,3,2,2,5,,0,午餐/晚餐,2
250,荤豆花,川菜,四川,25,30,1,3,4,2,3,4,,0,午餐/晚餐,2
251,藤椒鸡,川菜,四川,30,48,3,3,4,2,2,5,,0,午餐/晚餐,2
252,蛋烘糕,川菜,四川,8,10,0,2,3,1,5,2,麸质,0,早餐/下午加餐,2
253,赖汤圆,川菜,四川,10,14,0,2,2,2,5,2,,1,早餐/下午加餐/夜宵,2
254,蹄花汤,川菜,四川,120,48,0,4,3,2,2,5,,0,午餐/晚餐,2
255,连锅汤,川菜,四川,40,42,1,3,4,2,3,4,,0,午餐/晚餐,2
256,酸汤鱼,川菜,四川,35,72,2,3,4,2,3,5,海鲜,0,午餐/晚餐,2
257,酸菜老鸭汤,川菜,四川,90,58,1,3,4,2,2,4,,0,午餐/晚餐,2
258,酸菜肥牛,川菜,四川,25,58,2,3,4,2,3,5,,0,午餐/晚餐,2
259,酸菜鱼片,川菜,四川,30,66,2,3,4,2,2,5,海鲜,0,午餐/晚餐,2
260,酸萝卜老鸭汤,川菜,四川,90,58,1,3,4,2,2,4,,0,午餐/晚餐,2
261,铺盖面,川菜,四川,15,22,2,3,3,2,5,3,麸质,0,早餐/午餐/晚餐,2
262,青花椒鱼,川菜,四川,30,78,3,3,4,2,2,5,海鲜,0,午餐/晚餐,2
263,韩包子,川菜,四川,10,14,1,2,3,2,4,3,麸质,0,早餐/下午加餐,2
264,香辣蟹(川),川菜,四川,35,108,3,4,3,2,2,5,海鲜,0,晚餐/夜宵,2
265,魔芋烧鸭,川菜,四川,50,55,2,3,4,2,3,5,,0,午餐/晚餐,2
266,鱼香肉片,川菜,四川,18,30,2,3,3,2,4,4,,0,午餐/晚餐,2
267,鱼香虾仁,川菜,四川,18,48,2,3,4,2,3,5,海鲜,0,午餐/晚餐,2
268,麻婆豆腐(素),川菜,四川,15,22,3,3,4,2,3,3,,1,午餐/晚餐,2
269,麻辣兔头,川菜,四川,30,32,3,2,2,1,2,4,,0,午餐/晚餐/夜宵,2
270,麻辣牛肉,川菜,四川,25,48,3,3,3,2,2,5,,0,午餐/晚餐/夜宵,2
271,麻辣鸭掌,川菜,四川,40,30,3,2,2,1,3,3,,0,午餐/晚餐/夜宵,2
272,麻辣鸭脖,川菜,四川,40,28,3,2,2,1,3,3,,0,午餐/晚餐/夜宵,2
273,龙抄手,川菜,四川,12,24,1,2,3,2,4,3,麸质,0,早餐/午餐/晚餐,2
274,乐山甜皮鸭,川菜,四川,60,58,0,4,3,1,3,5,,0,午餐/晚餐,1
275,冒鸭子,川菜,四川,40,52,2,4,3,2,2,5,,0,午餐/晚餐,1
276,冷吃兔,川菜,四川,30,42,3,3,2,0,2,5,,0,午餐/晚餐/夜宵,1
277,凉面,川菜,四川,10,16,2,2,3,0,5,2,麸质!花生,1,午餐/下午加餐,1
278,坛子肉,川菜,四川,120,58,1,5,2,2,2,5,,0,午餐/晚餐,1
279,太白鸡,川菜,四川,60,55,2,3,3,2,2,5,,0,午餐/晚餐,1
280,太白鸭,川菜,四川,90,78,1,4,3,2,2,5,,0,午餐/晚餐,1
281,夹沙肉,川菜,四川,60,42,0,5,2,2,4,3,,0,午餐/晚餐,1
282,宜宾燃面(干),川菜,四川,12,20,3,4,2,2,5,3,麸质!花生,0,早餐/午餐/晚餐,1
283,川北凉粉(碗),川菜,四川,10,14,3,2,2,0,4,1,,1,下午加餐/夜宵,1
284,川北凉面,川菜,四川,10,16,2,2,3,0,5,2,麸质!花生,1,午餐/下午加餐,1
285,川味腊肠炒饭,川菜,四川,12,26,2,3,3,2,5,3,,0,午餐/晚餐/夜宵,1
286,川味香肠炒饭,川菜,四川,12,26,2,3,3,2,5,3,,0,午餐/晚餐/夜宵,1
287,川味香酥鸭,川菜,四川,60,65,1,4,3,2,3,5,,0,午餐/晚餐,1
288,开水白菜,川菜,四川,90,88,0,1,5,2,1,3,,0,午餐/晚餐,1
289,开水白菜(例),川菜,四川,90,78,0,1,5,2,1,3,,0,午餐/晚餐,1
290,樟茶鸭,川菜,四川,60,68,1,4,3,2,2,5,,0,午餐/晚餐,1
291,火边子牛肉,川菜,四川,30,48,2,3,3,0,2,5,,0,午餐/晚餐/夜宵,1
292,灯影牛肉,川菜,四川,30,58,2,3,3,0,2,5,,0,午餐/晚餐/夜宵,1
293,甜皮鸭,川菜,四川,60,58,0,4,3,1,3,5,,0,午餐/晚餐,1
294,盐都口水兔,川菜,四川,40,55,3,3,3,0,2,5,,0,午餐/晚餐,1
295,肉豆花,川菜,四川,40,50,1,2,4,2,3,5,,0,午餐/晚餐,1
296,自贡冷吃牛肉,川菜,四川,30,48,3,3,2,0,2,5,,0,午餐/晚餐/夜宵,1
297,自贡小煎鸡,川菜,四川,25,48,3,4,3,2,2,5,,0,午餐/晚餐,1
298,跳水兔,川菜,四川,35,58,3,3,3,2,2,5,,0,午餐/晚餐,1
299,鲜锅兔,川菜,四川,35,58,3,4,3,2,2,5,,0,午餐/晚餐,1
300,鸡豆花,川菜,四川,40,48,0,1,5,2,1,5,,0,午餐/晚餐,1
301,麻辣鸭舌,川菜,四川,40,42,3,2,2,1,3,3,,0,午餐/晚餐/夜宵,1
302,梅菜蒸肉饼,广府家常菜,珠三角,20,26,0,3,3,2,2,4,,0,早餐/午餐/晚餐,3
303,清蒸水蛋,广府家常菜,珠三角,12,16,0,1,4,2,1,3,,0,早餐/午餐/晚餐,3
304,清蒸鲈鱼,广府家常菜,珠三角,20,58,0,2,5,2,1,5,海鲜,0,午餐/晚餐,3
305,白灼虾,广府家常菜,珠三角,10,48,0,1,5,1,1,5,海鲜,0,午餐/晚餐,3
306,菜心炒牛肉,广府家常菜,珠三角,12,34,0,3,4,2,2,4,,0,早餐/午餐/晚餐,3
307,豉汁蒸排骨,广府家常菜,珠三角,20,32,0,3,4,2,2,4,,0,早餐/午餐/晚餐,3
308,酿豆腐,广府家常菜,珠三角,20,26,0,3,4,2,3,4,,0,早餐/午餐/晚餐,3
309,丝瓜炒牛肉,广府家常菜,珠三角,12,32,0,3,4,2,2,4,,0,早餐/午餐/晚餐,2
310,凉瓜炒牛肉,广府家常菜,珠三角,12,32,0,3,4,2,2,4,,0,早餐/午餐/晚餐,2
311,咸鱼茄煲,广府家常菜,珠三角,20,30,0,3,3,2,3,3,海鲜,0,早餐/午餐/晚餐,2
312,姜葱炒牛肉,广府家常菜,珠三角,12,36,0,3,4,2,2,4,,0,早餐/午餐/晚餐,2
313,姜葱焗鱼,广府家常菜,珠三角,20,48,0,3,4,2,2,5,海鲜,0,午餐/晚餐,2
314,清蒸九节虾,广府家常菜,珠三角,12,78,0,1,5,2,1,5,海鲜,0,午餐/晚餐,2
315,清蒸海鱼,广府家常菜,珠三角,20,68,0,2,5,2,1,5,海鲜,0,午餐/晚餐,2
316,烧肉炒芥兰,广府家常菜,珠三角,12,34,0,3,3,2,2,4,,0,早餐/午餐/晚餐,2
317,煎酿三宝,广府家常菜,珠三角,25,32,0,4,3,2,3,4,海鲜,0,午餐/晚餐/夜宵,2
318,白云猪手,广府家常菜,珠三角,60,38,0,2,3,0,1,3,,0,午餐/晚餐,2
319,白灼猪手,广府家常菜,珠三角,40,38,0,4,2,1,1,3,,0,午餐/晚餐/夜宵,2
320,白灼鱿鱼,广府家常菜,珠三角,10,38,0,1,4,1,1,5,海鲜,0,午餐/晚餐/夜宵,2
321,肉末蒸蛋,广府家常菜,珠三角,15,22,0,2,4,2,1,4,,0,早餐/午餐/晚餐,2
322,蒜蓉蒸扇贝,广府家常菜,珠三角,15,48,0,2,4,2,2,4,海鲜,0,午餐/晚餐/夜宵,2
323,蚝仔烙,广府家常菜,珠三角,15,32,0,4,3,2,3,4,海鲜,0,午餐/晚餐/夜宵,2
324,豆豉蒸鲮鱼,广府家常菜,珠三角,20,38,0,3,4,2,2,4,海鲜,0,早餐/午餐/晚餐,2
325,豉椒炒花甲,广府家常菜,珠三角,15,38,1,3,4,2,2,4,海鲜,0,午餐/晚餐/夜宵,2
326,豉汁炒蚬,广府家常菜,珠三角,12,30,1,2,4,2,2,4,海鲜,0,午餐/晚餐/夜宵,2
327,豉汁蒸凤爪,广府家常菜,珠三角,30,28,0,3,2,2,2,3,,0,早餐/午餐/晚餐,2
328,豉汁蒸鱼头,广府家常菜,珠三角,20,38,0,3,4,2,2,4,海鲜,0,早餐/午餐/晚餐,2
329,陈皮蒸牛肉饼,广府家常菜,珠三角,20,32,0,3,3,2,2,4,,0,早餐/午餐/晚餐,2
330,鱼香茄子煲,广府家常菜,珠三角,20,30,1,4,2,2,3,2,,1,早餐/午餐/晚餐,2
331,一品煲,广府家常菜,珠三角,30,58,0,4,3,2,3,4,海鲜,0,午餐/晚餐,1
332,上汤焗龙虾,广府家常菜,珠三角,30,168,0,3,4,2,2,5,海鲜!乳制品,0,晚餐/夜宵,1
333,八宝冬瓜盅,广府家常菜,珠三角,60,78,0,2,4,2,2,3,海鲜,0,午餐/晚餐,1
334,冬瓜盅,广府家常菜,珠三角,60,68,0,2,4,2,2,3,海鲜,0,午餐/晚餐,1
335,均安蒸猪,广府家常菜,珠三角,60,68,0,5,2,2,2,4,,0,午餐/晚餐,1
336,大良炒鲜奶,广府家常菜,珠三角,15,42,0,3,3,2,2,4,乳制品,0,午餐/晚餐,1
337,姜葱炒蟹,广府家常菜,珠三角,20,98,0,3,4,2,1,4,海鲜,0,晚餐/夜宵,1
338,桑拿鱼,广府家常菜,珠三角,20,88,0,2,4,2,1,5,海鲜,0,午餐/晚餐,1
339,煎焗鱼嘴,广府家常菜,珠三角,20,48,0,4,3,2,2,4,海鲜,0,午餐/晚餐/夜宵,1
340,煎酿鲮鱼,广府家常菜,珠三角,40,48,0,3,4,2,3,4,海鲜,0,午餐/晚餐,1
341,节瓜虾米粉丝煲,广府家常菜,珠三角,20,28,0,2,4,2,3,2,海鲜,0,早餐/午餐/晚餐,1
342,避风塘炒蟹,广府家常菜,珠三角,25,108,1,4,3,2,4,4,海鲜,0,晚餐/夜宵,1
343,顺德鱼生,广府家常菜,珠三角,25,88,0,2,4,0,1,5,海鲜,0,午餐/晚餐,1
344,鱼腐扒菜胆,广府家常菜,珠三角,20,32,0,2,4,2,2,3,海鲜,0,早餐/午餐/晚餐,1
345,云吞面,广式粥粉面,珠三角,12,22,0,2,4,2,4,4,海鲜!麸质,0,早餐/午餐/晚餐,3
346,干炒牛河,广式粥粉面,珠三角,15,26,0,4,2,2,5,3,,0,午餐/晚餐/夜宵,3
347,柴鱼花生粥,广式粥粉面,珠三角,30,15,0,2,3,2,3,2,海鲜!花生,0,早餐/夜宵,3
348,桂林米粉,广式粥粉面,珠三角,12,18,1,2,3,2,5,3,,0,午餐/晚餐/夜宵,3
349,湿炒牛河,广式粥粉面,珠三角,15,28,0,4,2,2,5,3,,0,午餐/晚餐/夜宵,3
350,牛腩面,广式粥粉面,珠三角,15,28,0,3,3,2,4,4,麸质,0,早餐/午餐/晚餐,3
351,猪杂汤粉,广式粥粉面,珠三角,15,22,0,3,3,2,4,4,,0,早餐/夜宵,3
352,猪肠粉,广式粥粉面,珠三角,10,12,0,2,3,2,3,2,,0,早餐/下午加餐,3
353,生滚牛肉粥,广式粥粉面,珠三角,25,22,0,2,3,2,3,3,,0,早餐/午餐/晚餐,3
354,生滚鱼片粥,广式粥粉面,珠三角,25,24,0,2,4,2,3,3,海鲜,0,早餐/午餐/晚餐,3
355,酸辣粉,广式粥粉面,珠三角,12,18,3,3,2,2,5,2,,0,午餐/晚餐/夜宵,3
356,星洲炒米粉,广式粥粉面,珠三角,15,28,1,3,3,2,5,3,海鲜,0,午餐/晚餐/夜宵,2
357,海鲜砂锅粥,广式粥粉面,珠三角,35,68,0,2,4,2,3,4,海鲜,0,晚餐/夜宵,2
358,潮汕牛肉丸粉,广式粥粉面,珠三角,15,26,0,3,3,2,4,4,,0,午餐/晚餐/夜宵,2
359,濑粉,广式粥粉面,珠三角,15,18,0,2,3,2,4,2,,0,早餐/午餐/晚餐,2
360,猪红粥,广式粥粉面,珠三角,25,16,0,2,3,2,3,3,,0,早餐/夜宵,2
361,碗仔翅,广式粥粉面,珠三角,15,20,0,2,2,2,3,2,海鲜!麸质,0,下午加餐/夜宵,2
362,豉油皇炒面,广式粥粉面,珠三角,12,20,0,3,2,2,5,2,麸质,0,午餐/晚餐/夜宵,2
363,车仔面,广式粥粉面,珠三角,10,18,1,3,2,2,4,3,海鲜!麸质,0,午餐/晚餐/夜宵,2
364,陈村粉,广式粥粉面,珠三角,12,20,0,2,3,2,4,3,,0,早餐/午餐/晚餐,2
365,叉烧包,早茶点心,珠三角,15,20,0,2,3,2,3,2,麸质,0,早餐,3
366,肠粉(早茶),早茶点心,珠三角,12,22,0,1,4,2,2,2,,0,早餐,3
367,凤爪,早茶点心,珠三角,30,28,0,3,2,2,2,3,,0,早餐,2
368,奶黄包,早茶点心,珠三角,15,20,0,3,2,2,4,3,麸质!乳制品,0,早餐/下午加餐,2
369,干蒸烧卖,早茶点心,珠三角,15,26,0,2,3,2,3,4,海鲜,0,早餐,2
370,流沙包,早茶点心,珠三角,15,22,0,3,2,2,4,3,麸质!乳制品,0,早餐,2
371,炸春卷,早茶点心,珠三角,12,20,0,4,2,2,4,2,麸质,0,早餐/下午加餐,2
372,白糖糕,早茶点心,珠三角,15,15,0,2,2,1,5,1,,1,早餐/下午加餐,2
373,糯米鸡,早茶点心,珠三角,20,22,0,4,2,2,5,3,,0,早餐,2
374,腐皮卷,早茶点心,珠三角,15,24,0,3,3,2,3,3,,0,早餐,2
375,莲蓉包,早茶点心,珠三角,15,18,0,3,2,2,4,2,麸质,0,早餐/下午加餐,2
376,虾饺,早茶点心,珠三角,15,32,0,1,4,2,3,4,海鲜,0,早餐,2
377,马拉糕,早茶点心,珠三角,15,16,0,2,2,2,5,2,麸质,0,早餐/下午加餐,2
378,咸煎饼,早茶点心,珠三角,12,15,0,3,2,2,4,2,麸质,0,早餐/下午加餐,1
379,紫菜蟹柳卷,早茶点心,珠三角,15,26,0,2,3,2,3,3,海鲜,0,早餐,1
380,蒸牛百叶,早茶点心,珠三角,20,28,0,3,2,2,2,3,,0,早餐,1
381,蜂巢糕,早茶点心,珠三角,15,18,0,2,2,2,5,2,麸质,0,早餐/下午加餐,1
382,蟹籽烧卖,早茶点心,珠三角,15,32,0,2,3,2,3,4,海鲜,0,早餐,1
383,黑椒牛仔骨,早茶点心,珠三角,20,38,1,3,3,2,2,4,,0,早餐,1
384,黑椒猪肚,早茶点心,珠三角,20,30,1,3,2,2,2,3,,0,早餐,1
385,上海生煎包,早餐粥点,长三角,12,14,0,3,2,2,4,3,麸质,0,早餐/下午加餐,3
386,南翔小笼包,早餐粥点,长三角,15,25,0,2,3,2,4,3,麸质,0,早餐/午餐/晚餐,3
387,及第粥,早餐粥点,珠三角,30,22,0,3,3,2,3,3,,0,早餐/午餐/晚餐,3
388,咸豆浆,早餐粥点,长三角,6,7,0,1,4,2,2,3,,1,早餐,3
389,明火白粥,早餐粥点,珠三角,40,5,0,1,4,2,2,1,,1,早餐/夜宵,3
390,油条,早餐粥点,长三角,6,4,0,4,1,2,4,1,麸质,1,早餐,3
391,甜豆浆,早餐粥点,长三角,3,5,0,1,4,1,2,3,,1,早餐/下午加餐,3
392,白粥配咸菜,早餐粥点,长三角,25,6,0,1,4,2,3,1,,1,早餐/夜宵,3
393,皮蛋瘦肉粥(珠三角),早餐粥点,珠三角,25,16,0,2,3,2,3,2,,0,早餐/午餐/晚餐,3
394,粢饭团,早餐粥点,长三角,6,8,0,3,2,1,5,2,,0,早餐,3
395,糯米烧卖,早餐粥点,长三角,10,10,0,3,2,2,5,2,麸质,0,早餐/下午加餐,3
396,肠粉,早餐粥点,珠三角,10,12,0,1,4,2,2,2,,0,早餐/午餐/晚餐,3
397,艇仔粥,早餐粥点,珠三角,25,20,0,2,3,2,3,3,海鲜,0,早餐/午餐/晚餐,3
398,菜肉大馄饨,早餐粥点,长三角,12,18,0,2,4,2,4,3,麸质,0,早餐/午餐/晚餐/夜宵,3
399,豆腐花,早餐粥点,长三角,6,8,0,1,4,2,2,3,,1,早餐/下午加餐,3
400,鲜肉小馄饨,早餐粥点,长三角,8,12,0,1,4,2,3,3,麸质,0,早餐/下午加餐/夜宵,3
401,鲜肉烧卖,早餐粥点,长三角,10,14,0,3,2,2,4,3,麸质,0,早餐/下午加餐,3
402,千层油糕,早餐粥点,长三角,10,12,0,3,2,1,5,1,麸质,1,早餐/下午加餐,2
403,叉烧酥,早餐粥点,珠三角,10,18,0,3,2,2,4,2,麸质,0,早餐/下午加餐,2
404,咖喱牛肉汤,早餐粥点,长三角,15,18,0,2,4,2,2,4,,0,早餐/午餐/下午加餐,2
405,咸水角,早餐粥点,珠三角,10,15,0,3,2,2,4,2,麸质,0,早餐/下午加餐,2
406,嘉兴鲜肉粽,早餐粥点,长三角,8,12,0,3,2,2,5,2,,0,早餐/下午加餐,2
407,扬州三丁包,早餐粥点,长三角,12,16,0,2,3,2,4,3,麸质,0,早餐/下午加餐,2
408,条头糕,早餐粥点,长三角,5,8,0,2,2,1,5,1,,1,早餐/下午加餐,2
409,炸两,早餐粥点,珠三角,12,14,0,3,2,2,4,2,麸质,0,早餐/下午加餐,2
410,芋头糕,早餐粥点,珠三角,15,16,0,3,2,2,4,2,,0,早餐/下午加餐,2
411,萝卜糕,早餐粥点,珠三角,15,16,0,3,2,2,4,2,,0,早餐/下午加餐,2
412,虾籽馄饨面,早餐粥点,长三角,12,20,0,2,3,2,4,3,海鲜!麸质,0,早餐/午餐/晚餐,2
413,蟹粉小笼包,早餐粥点,长三角,18,48,0,3,3,2,4,3,海鲜!麸质,0,早餐/午餐/晚餐,2
414,青团,早餐粥点,长三角,5,9,0,2,2,1,5,1,,1,早餐/下午加餐,2
415,上海熏鱼,本帮江浙菜,长三角,40,42,0,3,3,0,3,4,海鲜,0,午餐/晚餐,3
416,上海红烧肉,本帮江浙菜,长三角,50,42,0,5,2,2,3,4,,0,午餐/晚餐,3
417,宁波烤菜,本帮江浙菜,长三角,30,22,0,2,4,1,2,1,,1,早餐/午餐/晚餐,3
418,油焖笋,本帮江浙菜,长三角,25,32,0,3,3,2,3,2,,1,午餐/晚餐,3
419,白斩鸡,本帮江浙菜,长三角,40,48,0,2,4,1,1,5,,0,午餐/晚餐,3
420,糖醋排骨,本帮江浙菜,长三角,30,38,0,3,3,2,4,4,,0,午餐/晚餐,3
421,红烧狮子头,本帮江浙菜,长三角,45,38,0,4,3,2,2,4,,0,午餐/晚餐,3
422,霉干菜烧肉,本帮江浙菜,长三角,70,45,0,5,2,2,3,4,,0,午餐/晚餐,3
423,东坡肉,本帮江浙菜,长三角,90,48,0,5,2,2,2,4,,0,午餐/晚餐,2
424,凉拌马兰头,本帮江浙菜,长三角,12,20,0,1,5,0,2,2,,1,午餐/晚餐,2
425,南京烤鸭,本帮江浙菜,长三角,45,45,0,4,2,1,2,4,,0,午餐/晚餐,2
426,响油鳝糊,本帮江浙菜,长三角,20,48,1,4,3,2,2,4,海鲜,0,午餐/晚餐,2
427,宁波咸蟹,本帮江浙菜,长三角,20,78,0,3,2,0,1,4,海鲜,0,午餐/晚餐,2
428,无锡酱排骨,本帮江浙菜,长三角,60,52,0,5,2,2,4,4,,0,午餐/晚餐,2
429,松江鲈鱼,本帮江浙菜,长三角,25,88,0,2,5,2,1,5,海鲜,0,午餐/晚餐,2
430,梅菜扣肉,本帮江浙菜,长三角,60,42,0,5,2,2,3,4,,0,午餐/晚餐,2
431,梭子蟹炒年糕,本帮江浙菜,长三角,25,68,0,3,4,2,4,4,海鲜,0,午餐/晚餐,2
432,水晶虾仁,本帮江浙菜,长三角,15,58,0,1,4,2,1,5,海鲜,0,午餐/晚餐,2
433,油爆虾,本帮江浙菜,长三角,15,45,0,3,3,2,2,4,海鲜,0,午餐/晚餐/夜宵,2
434,清炒虾仁,本帮江浙菜,长三角,15,48,0,2,4,2,1,5,海鲜,0,午餐/晚餐,2
435,清炖狮子头,本帮江浙菜,长三角,60,42,0,3,4,2,2,4,,0,午餐/晚餐,2
436,温州鱼丸,本帮江浙菜,长三角,20,32,0,2,4,2,2,4,海鲜,0,午餐/晚餐/夜宵,2
437,爆炒梭子蟹,本帮江浙菜,长三角,20,62,0,3,4,2,2,4,海鲜,0,午餐/晚餐,2
438,白切羊肉,本帮江浙菜,长三角,90,68,0,3,4,1,1,5,,0,午餐/晚餐,2
439,盐水鸭,本帮江浙菜,长三角,60,42,0,2,3,1,1,5,,0,午餐/晚餐,2
440,符离集烧鸡,本帮江浙菜,长三角,60,45,0,3,3,1,2,5,,0,午餐/晚餐,2
441,糟鸡,本帮江浙菜,长三角,40,42,0,2,4,0,1,5,,0,午餐/晚餐,2
442,素蟹粉,本帮江浙菜,长三角,20,28,0,2,4,2,3,2,,1,早餐/午餐/晚餐,2
443,红烧划水,本帮江浙菜,长三角,30,48,0,3,4,2,2,4,海鲜,0,午餐/晚餐,2
444,红烧肉虎皮蛋,本帮江浙菜,长三角,55,45,0,5,2,2,3,4,,0,午餐/晚餐,2
445,绍兴糟鸡,本帮江浙菜,长三角,40,42,0,2,4,0,1,5,,0,午餐/晚餐,2
446,苏州卤鸭,本帮江浙菜,长三角,50,42,0,3,3,1,3,4,,0,午餐/晚餐,2
447,荷叶粉蒸肉,本帮江浙菜,长三角,50,34,0,4,3,2,3,4,,0,午餐/晚餐,2
448,蟹粉狮子头,本帮江浙菜,长三角,50,58,0,4,3,2,2,4,海鲜,0,午餐/晚餐,2
449,酱鸭,本帮江浙菜,长三角,60,45,0,3,3,1,3,4,,0,午餐/晚餐,2
450,八宝鸭,本帮江浙菜,长三角,90,88,0,4,3,2,4,4,,0,午餐/晚餐,1
451,叫花童鸡(杭州),本帮江浙菜,长三角,90,78,0,3,3,2,1,5,,0,午餐/晚餐,1
452,叫花鸡,本帮江浙菜,长三角,90,78,0,3,3,2,1,5,,0,午餐/晚餐,1
453,宋嫂鱼羹,本帮江浙菜,长三角,30,48,0,2,4,2,2,4,海鲜,0,午餐/晚餐,1
454,常州天目湖砂锅鱼头,本帮江浙菜,长三角,60,98,0,3,4,2,1,5,海鲜,0,午餐/晚餐,1
455,徐州地锅鸡,本帮江浙菜,长三角,40,55,2,4,3,2,4,4,麸质,0,午餐/晚餐,1
456,徐州把子肉,本帮江浙菜,长三角,60,32,1,5,2,2,3,4,,0,午餐/晚餐,1
457,扣三丝,本帮江浙菜,长三角,40,45,0,2,4,2,2,4,,0,午餐/晚餐,1
458,松鼠桂鱼,本帮江浙菜,长三角,35,98,0,4,3,2,4,4,海鲜,0,午餐/晚餐,1
459,沛县狗肉,本帮江浙菜,长三角,60,58,0,4,2,2,1,5,,0,午餐/晚餐,1
460,清汤越鸡,本帮江浙菜,长三角,70,78,0,2,5,2,1,5,,0,午餐/晚餐,1
461,清蒸大闸蟹,本帮江浙菜,长三角,35,128,0,3,4,2,1,4,海鲜,0,晚餐/夜宵,1
462,碧螺虾仁,本帮江浙菜,长三角,18,62,0,2,4,2,1,5,海鲜,0,午餐/晚餐,1
463,糟钵头,本帮江浙菜,长三角,60,45,0,3,3,2,2,3,,0,午餐/晚餐,1
464,红烧鮰鱼,本帮江浙菜,长三角,40,68,0,3,4,2,2,4,海鲜,0,午餐/晚餐,1
465,草头圈子,本帮江浙菜,长三角,45,52,0,5,2,2,2,3,,0,午餐/晚餐,1
466,莼菜银鱼羹,本帮江浙菜,长三角,20,48,0,1,5,2,2,4,海鲜,0,午餐/晚餐,1
467,西湖醋鱼,本帮江浙菜,长三角,25,78,0,2,4,2,3,4,海鲜,0,午餐/晚餐,1
468,醉泥螺,本帮江浙菜,长三角,15,38,0,2,3,0,1,3,海鲜,0,午餐/晚餐/夜宵,1
469,醉蟹,本帮江浙菜,长三角,20,88,0,3,3,0,1,4,海鲜,0,午餐/晚餐,1
470,雪菜大汤黄鱼,本帮江浙菜,长三角,30,88,0,2,5,2,2,5,海鲜,0,午餐/晚餐,1
471,黄山臭鳜鱼,本帮江浙菜,长三角,40,68,1,3,3,2,2,4,海鲜,0,午餐/晚餐,1
472,龙井虾仁,本帮江浙菜,长三角,18,68,0,2,4,2,1,5,海鲜,0,午餐/晚餐,1
473,农家小炒肉,湘菜,湖南,12,30,3,4,3,2,3,4,,0,午餐/晚餐,3
474,剁椒鱼头,湘菜,湖南,30,78,3,4,4,2,2,5,海鲜,0,午餐/晚餐,3
475,小炒黄牛肉(湘),湘菜,湖南,15,45,3,4,3,2,3,5,,0,午餐/晚餐,3
476,常德牛肉粉,湘菜,湖南,15,26,3,3,3,2,5,4,,0,早餐/午餐/晚餐,3
477,擂辣椒皮蛋,湘菜,湖南,12,22,3,3,3,0,2,2,,0,午餐/晚餐,3
478,水煮鱼片(湘),湘菜,湖南,30,68,3,4,3,2,2,5,海鲜,0,午餐/晚餐,3
479,湖南米粉,湘菜,湖南,12,18,3,3,3,2,5,3,,0,早餐/午餐/晚餐,3
480,湘式炒粉,湘菜,湖南,12,20,2,4,2,2,5,2,,0,午餐/晚餐/夜宵,3
481,蒜苗炒腊肉,湘菜,湖南,20,42,2,4,3,2,3,4,,0,午餐/晚餐,3
482,酸豆角肉泥,湘菜,湖南,15,28,3,3,3,2,3,3,,0,午餐/晚餐,3
483,长沙臭豆腐,湘菜,湖南,15,15,2,3,1,2,2,3,,1,午餐/晚餐/夜宵,3
484,香辣鱼块,湘菜,湖南,25,48,3,3,4,2,3,4,海鲜,0,午餐/晚餐,3
485,临武鸭,湘菜,湖南,45,55,2,4,3,2,2,5,,0,午餐/晚餐,2
486,全家福(湘),湘菜,湖南,50,68,1,4,3,2,3,4,海鲜,0,午餐/晚餐,2
487,冬笋炒腊肉,湘菜,湖南,25,45,2,4,3,2,3,4,,0,午餐/晚餐,2
488,剁椒芽白,湘菜,湖南,15,20,3,2,4,2,2,1,,1,午餐/晚餐,2
489,剁椒蒸排骨,湘菜,湖南,30,38,3,4,3,2,2,4,,0,午餐/晚餐,2
490,剁椒蒸芋头,湘菜,湖南,30,24,3,2,4,2,4,1,,1,午餐/晚餐,2
491,剁椒蒸蛋,湘菜,湖南,15,20,3,2,4,2,1,3,,0,早餐/午餐/晚餐,2
492,剁椒蒸鱼,湘菜,湖南,25,58,3,3,4,2,2,5,海鲜,0,午餐/晚餐,2
493,卜豆角炒肉,湘菜,湖南,20,30,2,3,3,2,3,3,,0,午餐/晚餐,2
494,卤鸭掌,湘菜,湖南,40,30,3,2,2,1,3,3,,0,午餐/晚餐/夜宵,2
495,卤鸭脖,湘菜,湖南,40,28,3,2,2,1,3,3,,0,午餐/晚餐/夜宵,2
496,双色剁椒鱼头,湘菜,湖南,30,88,3,4,4,2,2,5,海鲜,0,午餐/晚餐,2
497,口味凤爪,湘菜,湖南,30,30,3,2,2,0,3,3,,0,午餐/晚餐/夜宵,2
498,口味虾,湘菜,湖南,45,98,3,3,3,2,1,5,海鲜,0,晚餐/夜宵,2
499,口味蟹,湘菜,湖南,40,108,3,3,3,2,1,5,海鲜,0,晚餐/夜宵,2
500,姊妹团子,湘菜,湖南,10,12,0,2,2,2,5,2,,0,早餐/下午加餐,2
501,小炒香干,湘菜,湖南,12,24,3,3,4,2,3,3,,1,午餐/晚餐,2
502,小龙虾(湘味),湘菜,湖南,45,98,3,3,3,2,1,5,海鲜,0,晚餐/夜宵,2
503,干豆角炒肉,湘菜,湖南,20,30,2,3,3,2,3,3,,0,午餐/晚餐,2
504,干锅千页豆腐,湘菜,湖南,20,34,3,4,3,2,3,3,,0,午餐/晚餐,2
505,干锅牛蛙,湘菜,湖南,30,68,3,4,3,2,2,5,,0,午餐/晚餐,2
506,干锅肥肠,湘菜,湖南,30,48,3,5,2,2,3,3,,0,午餐/晚餐,2
507,干锅花菜,湘菜,湖南,20,32,3,4,3,2,3,2,,0,午餐/晚餐,2
508,干锅茶树菇,湘菜,湖南,25,42,3,4,3,2,3,2,,0,午餐/晚餐,2
509,干锅虾,湘菜,湖南,30,78,3,4,3,2,2,5,海鲜,0,午餐/晚餐,2
510,干锅鸡,湘菜,湖南,35,55,3,4,3,2,2,5,,0,午餐/晚餐,2
511,擂辣椒茄子,湘菜,湖南,15,22,3,3,4,0,3,1,,1,午餐/晚餐,2
512,攸县香干,湘菜,湖南,15,24,2,3,4,2,3,3,,1,午餐/晚餐,2
513,梅菜扣肉(湘),湘菜,湖南,60,42,0,5,2,2,3,4,,0,午餐/晚餐,2
514,榨菜肉丝(湘),湘菜,湖南,12,24,2,3,3,2,3,4,,0,早餐/午餐/晚餐,2
515,毛氏红烧肉,湘菜,湖南,60,48,1,5,2,2,3,4,,0,午餐/晚餐,2
516,津市牛肉粉,湘菜,湖南,15,26,3,3,3,2,5,4,,0,早餐/午餐/晚餐,2
517,浏阳蒸菜,湘菜,湖南,30,35,2,3,3,2,3,3,,0,午餐/晚餐,2
518,清蒸湘莲,湘菜,湖南,30,26,0,1,4,2,3,1,,1,午餐/晚餐,2
519,湖南蛋饺,湘菜,湖南,25,30,1,3,3,2,3,4,,0,午餐/晚餐,2
520,湘潭红烧肉,湘菜,湖南,60,48,1,5,2,2,3,4,,0,午餐/晚餐,2
521,湘莲炖排骨,湘菜,湖南,60,42,0,2,4,2,3,4,,0,午餐/晚餐,2
522,湘西土匪鸭,湘菜,湖南,50,58,3,4,3,2,2,5,,0,午餐/晚餐,2
523,湘西外婆菜,湘菜,湖南,15,26,3,3,3,2,3,2,,1,午餐/晚餐,2
524,湘西米豆腐,湘菜,湖南,15,18,3,2,3,1,3,2,,1,午餐/晚餐,2
525,湘西酸肉,湘菜,湖南,40,45,2,4,2,2,3,4,,0,午餐/晚餐,2
526,炒米粉(湘),湘菜,湖南,12,20,2,4,2,2,5,2,,0,午餐/晚餐/夜宵,2
527,烟笋炒腊肉,湘菜,湖南,25,42,2,4,3,2,3,3,,0,午餐/晚餐,2
528,烧辣椒,湘菜,湖南,10,18,3,2,4,2,2,1,,1,午餐/晚餐,2
529,爆炒肥肠,湘菜,湖南,25,42,3,4,2,2,3,3,,0,午餐/晚餐,2
530,白辣椒炒腊肉,湘菜,湖南,25,42,3,4,3,2,3,4,,0,午餐/晚餐,2
531,白辣椒炒鸡杂,湘菜,湖南,20,32,3,3,3,2,3,3,,0,午餐/晚餐,2
532,粉蒸肉(湘),湘菜,湖南,50,38,1,4,3,2,4,4,,0,午餐/晚餐,2
533,糖油粑粑,湘菜,湖南,10,10,0,3,2,1,5,1,,1,早餐/下午加餐/夜宵,2
534,紫苏桃子姜,湘菜,湖南,10,14,1,1,3,0,3,1,,1,下午加餐/夜宵,2
535,紫苏煎黄瓜,湘菜,湖南,12,20,2,3,4,2,3,1,,1,午餐/晚餐,2
536,腊味双蒸,湘菜,湖南,50,48,3,4,2,2,2,4,,0,午餐/晚餐,2
537,腊味合蒸,湘菜,湖南,50,48,3,4,2,2,2,4,,0,午餐/晚餐,2
538,腊味合蒸(农家),湘菜,湖南,50,52,3,4,2,2,2,4,,0,午餐/晚餐,2
539,腊味萝卜干,湘菜,湖南,15,22,2,3,2,1,3,2,,0,午餐/晚餐,2
540,臭豆腐炒辣椒,湘菜,湖南,15,20,3,3,2,2,2,3,,1,午餐/晚餐,2
541,芷江鸭,湘菜,湖南,45,55,3,4,3,2,2,5,,0,午餐/晚餐,2
542,蒸盆,湘菜,湖南,60,62,1,4,3,2,3,4,,0,午餐/晚餐,2
543,蒸腊肉,湘菜,湖南,40,42,2,5,2,2,2,4,,0,午餐/晚餐,2
544,蒸腊肠,湘菜,湖南,30,38,2,4,2,2,3,3,,0,午餐/晚餐,2
545,蕨菜炒腊肉,湘菜,湖南,20,42,2,4,3,2,3,4,,0,午餐/晚餐,2
546,藜蒿炒腊肉,湘菜,湖南,20,45,2,4,3,2,3,4,,0,午餐/晚餐,2
547,虎皮扣肉,湘菜,湖南,60,45,1,5,2,2,3,4,,0,午餐/晚餐,2
548,血鸭,湘菜,湖南,40,52,2,4,3,2,2,5,,0,午餐/晚餐,2
549,邵阳猪血丸子,湘菜,湖南,40,38,2,4,2,2,3,4,,0,午餐/晚餐,2
550,邵阳米粉,湘菜,湖南,12,20,3,3,3,2,5,3,,0,早餐/午餐/晚餐,2
551,酸菜炒粉皮,湘菜,湖南,15,22,2,3,3,2,4,2,,0,午餐/晚餐,2
552,酸辣肚丝,湘菜,湖南,25,42,3,3,3,2,3,3,,0,午餐/晚餐,2
553,酸辣鸡杂,湘菜,湖南,20,32,3,3,3,2,3,3,,0,午餐/晚餐,2
554,醋蒸鸡,湘菜,湖南,40,48,2,3,4,2,2,5,,0,午餐/晚餐,2
555,长沙肉丝米粉,湘菜,湖南,12,20,2,3,3,2,5,3,,0,早餐/午餐/晚餐,2
556,香干炒腊肉,湘菜,湖南,20,38,2,4,3,2,3,4,,0,午餐/晚餐,2
557,香芋扣肉,湘菜,湖南,60,45,0,5,2,2,4,4,,0,午餐/晚餐,2
558,香辣蟹,湘菜,湖南,35,108,3,4,3,2,2,5,海鲜,0,晚餐/夜宵,2
559,香辣鸡爪,湘菜,湖南,30,28,3,2,2,1,3,3,,0,午餐/晚餐/夜宵,2
560,发丝牛百叶,湘菜,湖南,25,58,3,3,3,2,2,3,,0,午餐/晚餐,1
561,口味蛇,湘菜,湖南,50,128,3,3,3,2,1,5,,0,晚餐/夜宵,1
562,浏阳豆豉蒸肉,湘菜,湖南,40,38,2,4,2,2,3,4,,0,午餐/晚餐,1
563,湖南剁椒,湘菜,湖南,10,12,3,2,2,1,2,1,,1,午餐/晚餐,1
564,湖南炒饭,湘菜,湖南,12,22,2,3,3,2,5,3,,0,午餐/晚餐/夜宵,1
565,湘式蒸蛋,湘菜,湖南,15,18,2,1,4,2,1,3,,0,早餐/午餐/晚餐,1
566,组庵鱼翅,湘菜,湖南,60,168,0,3,3,2,3,4,海鲜,0,午餐/晚餐,1
567,翠竹粉蒸鱼,湘菜,湖南,40,58,2,3,4,2,3,4,海鲜,0,午餐/晚餐,1
568,冒菜,火锅麻辣烫,共通,25,34,3,4,3,2,4,3,,0,午餐/晚餐/夜宵,3
569,打边炉,火锅麻辣烫,珠三角,60,92,0,4,3,2,3,4,海鲜,0,晚餐/夜宵,3
570,椰子鸡火锅,火锅麻辣烫,珠三角,50,98,0,2,4,2,2,5,,0,晚餐/夜宵,3
571,水煮鱼,火锅麻辣烫,共通,30,68,3,4,3,2,2,5,海鲜,0,午餐/晚餐,3
572,潮汕牛肉火锅,火锅麻辣烫,珠三角,60,108,0,3,4,2,2,5,,0,晚餐/夜宵,3
573,烤鱼,火锅麻辣烫,共通,40,78,3,4,3,2,3,5,海鲜,0,晚餐/夜宵,3
574,酸菜鱼,火锅麻辣烫,共通,30,68,2,3,4,2,2,5,海鲜,0,午餐/晚餐,3
575,麻辣烫,火锅麻辣烫,共通,20,30,3,3,3,2,4,3,,0,午餐/晚餐/夜宵,3
576,串串香,火锅麻辣烫,共通,40,55,3,4,3,2,3,4,,0,晚餐/夜宵,2
577,冷锅串串,火锅麻辣烫,共通,20,45,3,3,2,0,3,3,,0,午餐/晚餐/夜宵,2
578,四川麻辣香锅,火锅麻辣烫,共通,25,45,3,5,2,2,4,4,,0,午餐/晚餐/夜宵,2
579,小龙虾,火锅麻辣烫,共通,45,98,3,3,3,2,1,5,海鲜,0,晚餐/夜宵,2
580,清汤火锅,火锅麻辣烫,共通,60,88,0,3,4,2,3,4,,0,晚餐/夜宵,2
581,烤生蚝,火锅麻辣烫,共通,15,48,1,3,4,2,2,4,海鲜,0,晚餐/夜宵,2
582,牛杂火锅,火锅麻辣烫,珠三角,50,78,1,4,3,2,2,4,,0,晚餐/夜宵,2
583,牛油麻辣火锅,火锅麻辣烫,共通,60,98,3,5,2,2,3,4,,0,晚餐/夜宵,2
584,猪肚鸡,火锅麻辣烫,珠三角,70,88,1,3,4,2,2,5,,0,晚餐/夜宵,2
585,番茄火锅,火锅麻辣烫,共通,55,88,0,3,4,2,4,4,,0,晚餐/夜宵,2
586,菌汤火锅,火锅麻辣烫,共通,50,92,0,3,5,2,3,4,,0,晚餐/夜宵,2
587,鸳鸯火锅,火锅麻辣烫,共通,60,95,2,4,3,2,3,4,,0,晚餐/夜宵,2
588,关东煮,烧烤小吃,共通,8,22,1,1,4,2,3,3,海鲜,0,下午加餐/夜宵,3
589,卤蛋,烧烤小吃,共通,5,4,0,2,3,1,1,3,,0,早餐/午餐/晚餐,3
590,卤鸡爪,烧烤小吃,长三角,10,22,0,2,2,1,3,3,,0,午餐/晚餐/夜宵,3
591,沙县扁肉,烧烤小吃,共通,8,16,0,2,3,2,3,3,,0,午餐/晚餐/夜宵,3
592,沙县拌面,烧烤小吃,共通,8,14,0,3,3,2,5,2,麸质!花生,0,早餐/午餐/夜宵,3
593,炒年糕,烧烤小吃,长三角,12,22,1,3,3,2,5,2,,0,午餐/晚餐/夜宵,3
594,炒面,烧烤小吃,珠三角,12,20,1,4,2,2,5,2,麸质,0,午餐/晚餐/夜宵,3
595,炸串,烧烤小吃,共通,15,25,2,4,1,2,3,3,,0,下午加餐/夜宵,3
596,炸鸡,烧烤小吃,共通,15,32,1,5,1,2,3,4,麸质,0,午餐/晚餐/夜宵,3
597,炸鸡排,烧烤小吃,共通,12,20,1,5,1,2,4,4,麸质,0,下午加餐/夜宵,3
598,烤冷面,烧烤小吃,共通,8,12,1,2,2,2,5,2,麸质,0,午餐/晚餐/夜宵,3
599,烤羊肉串,烧烤小吃,共通,20,45,2,4,2,2,2,4,,0,晚餐/夜宵,3
600,烤茄子,烧烤小吃,共通,15,22,2,2,3,2,3,1,,1,晚餐/夜宵,3
601,烤鸡翅,烧烤小吃,共通,20,35,2,3,3,2,2,4,,0,晚餐/夜宵,3
602,煎饺,烧烤小吃,共通,12,16,0,3,2,2,4,3,麸质,0,早餐/下午加餐/夜宵,3
603,煎饼果子,烧烤小吃,共通,8,12,1,3,3,2,5,2,麸质,0,早餐/夜宵,3
604,薯条,烧烤小吃,共通,10,15,0,4,1,2,5,2,,1,下午加餐/夜宵,3
605,锅贴,烧烤小吃,长三角,12,16,0,3,2,2,4,3,麸质,0,早餐/下午加餐/夜宵,3
606,鸡蛋灌饼,烧烤小吃,共通,8,12,1,3,3,2,5,3,麸质,0,早餐/夜宵,3
607,卤味拼盘,烧烤小吃,长三角,10,28,0,3,3,1,2,4,,0,午餐/晚餐/夜宵,2
608,手抓饼,烧烤小吃,共通,8,12,0,4,2,2,5,2,麸质,0,早餐/下午加餐,2
609,沙县蒸饺,烧烤小吃,共通,10,16,0,3,2,2,5,2,麸质,0,午餐/晚餐/夜宵,2
610,烤玉米,烧烤小吃,共通,12,15,1,2,4,2,5,1,,1,下午加餐/夜宵,2
611,烤金针菇,烧烤小吃,共通,12,18,2,2,3,2,3,2,,1,晚餐/夜宵,2
612,烤韭菜,烧烤小吃,共通,10,16,1,2,4,2,2,2,,1,晚餐/夜宵,2
613,爆米花,烧烤小吃,共通,5,15,0,2,2,1,5,1,,1,下午加餐,2
614,盐酥鸡,烧烤小吃,共通,12,22,1,5,1,2,4,4,麸质,0,下午加餐/夜宵,2
615,臭豆腐,烧烤小吃,长三角,12,15,1,3,1,2,2,3,,1,下午加餐/夜宵,2
616,葱油饼,烧烤小吃,长三角,10,12,0,4,2,2,5,1,麸质,1,早餐/下午加餐,2
617,铁板豆腐,烧烤小吃,共通,12,18,2,2,3,2,2,3,,1,午餐/晚餐/夜宵,2
618,韩式炸鸡,烧烤小吃,共通,20,48,2,5,1,2,4,4,麸质!花生,0,晚餐/夜宵,2
619,韭菜盒子,烧烤小吃,长三角,12,14,0,3,3,2,4,2,麸质,1,早餐/下午加餐,1
620,卤水鸡翅,烧腊卤味,珠三角,30,26,0,3,3,1,2,4,,0,午餐/晚餐/夜宵,3
621,烧鸭,烧腊卤味,珠三角,60,55,0,5,2,2,2,5,,0,午餐/晚餐,3
622,烧鹅,烧腊卤味,珠三角,60,68,0,5,2,2,2,5,,0,午餐/晚餐,3
623,牛杂,烧腊卤味,珠三角,20,32,1,3,3,2,3,4,,0,午餐/晚餐/夜宵,3
624,白切鸡(广式),烧腊卤味,珠三角,40,48,0,2,4,1,1,5,,0,午餐/晚餐,3
625,脆皮烧肉,烧腊卤味,珠三角,60,45,0,5,1,2,2,4,,0,午餐/晚餐,3
626,蜜汁叉烧,烧腊卤味,珠三角,40,42,0,4,2,1,4,4,,0,午餐/晚餐,3
627,豉油鸡,烧腊卤味,珠三角,45,45,0,3,3,1,3,5,,0,午餐/晚餐,3
628,卤水拼盘,烧腊卤味,珠三角,20,68,0,4,3,1,3,4,,0,午餐/晚餐/夜宵,2
629,卤水掌翼,烧腊卤味,珠三角,40,32,0,3,2,1,2,3,,0,午餐/晚餐/夜宵,2
630,卤水豆腐,烧腊卤味,珠三角,25,18,0,3,3,1,3,3,,1,午餐/晚餐/夜宵,2
631,卤水鸭掌,烧腊卤味,珠三角,40,28,0,3,2,1,2,3,,0,午餐/晚餐/夜宵,2
632,手撕鸡,烧腊卤味,珠三角,40,42,1,3,4,0,2,5,,0,午餐/晚餐/夜宵,2
633,柱候牛腩,烧腊卤味,珠三角,90,52,0,4,3,2,3,5,,0,午餐/晚餐,2
634,清汤牛腩,烧腊卤味,珠三角,90,55,0,3,4,2,2,5,,0,午餐/晚餐,2
635,烧乳鸽,烧腊卤味,珠三角,35,48,0,4,3,2,1,5,,0,午餐/晚餐,2
636,盐焗鸡,烧腊卤味,珠三角,50,48,0,4,3,2,2,5,,0,午餐/晚餐,2
637,金钱肚,烧腊卤味,珠三角,20,30,0,3,2,2,2,3,,0,早餐/午餐,2
638,卤水鹅,烧腊卤味,珠三角,90,88,0,4,3,1,3,5,,0,午餐/晚餐,1
639,叉烧饭,煲仔饭碟头饭,珠三角,10,28,0,4,2,2,5,4,,0,午餐/晚餐,3
640,咸肉菜饭,煲仔饭碟头饭,长三角,25,20,0,3,3,2,5,3,,0,午餐/晚餐,3
641,扬州炒饭,煲仔饭碟头饭,长三角,12,24,0,3,3,2,5,3,海鲜,0,午餐/晚餐/夜宵,3
642,油鸡饭,煲仔饭碟头饭,珠三角,10,28,0,3,3,2,5,4,,0,午餐/晚餐,3
643,烧腊双拼饭,煲仔饭碟头饭,珠三角,10,30,0,4,2,2,5,4,,0,午餐/晚餐,3
644,烧鹅饭,煲仔饭碟头饭,珠三角,10,38,0,4,2,2,5,4,,0,午餐/晚餐,3
645,猪脚饭,煲仔饭碟头饭,珠三角,10,28,0,4,3,2,5,4,,0,午餐/晚餐,3
646,腊味煲仔饭,煲仔饭碟头饭,珠三角,25,32,0,4,3,2,5,4,,0,早餐/午餐/晚餐,3
647,菜泡饭,煲仔饭碟头饭,长三角,10,12,0,1,4,2,4,1,,1,早餐/午餐/晚餐,3
648,豉油鸡饭,煲仔饭碟头饭,珠三角,10,26,0,3,3,2,5,4,,0,午餐/晚餐,3
649,隆江猪脚饭,煲仔饭碟头饭,珠三角,10,26,0,5,2,2,5,4,,0,午餐/晚餐,3
650,隆江猪脚饭(快餐),煲仔饭碟头饭,珠三角,10,26,0,5,2,2,5,4,,0,午餐/晚餐,3
651,黄焖鸡米饭,煲仔饭碟头饭,共通,15,26,1,4,3,2,5,4,,0,午餐/晚餐,3
652,北菇滑鸡饭,煲仔饭碟头饭,珠三角,20,28,0,3,3,2,5,4,,0,午餐/晚餐,2
653,叉烧煎蛋饭,煲仔饭碟头饭,珠三角,10,28,0,4,3,2,5,4,,0,午餐/晚餐,2
654,海南鸡饭,煲仔饭碟头饭,珠三角,25,38,0,3,4,2,5,4,,0,午餐/晚餐,2
655,滑鸡煲仔饭,煲仔饭碟头饭,珠三角,25,30,0,3,3,2,5,4,,0,早餐/午餐/晚餐,2
656,猪油拌饭,煲仔饭碟头饭,长三角,5,10,0,4,2,2,5,1,,0,午餐/夜宵,2
657,窝蛋牛肉煲仔饭,煲仔饭碟头饭,珠三角,25,36,0,4,3,2,5,4,,0,早餐/午餐/晚餐,2
658,窝蛋牛肉饭,煲仔饭碟头饭,珠三角,12,28,0,3,3,2,5,4,,0,午餐/晚餐,2
659,菜饭骨头汤,煲仔饭碟头饭,长三角,20,22,0,3,3,2,5,3,,0,午餐/晚餐,2
660,豉汁排骨煲仔饭,煲仔饭碟头饭,珠三角,25,34,0,4,3,2,5,4,,0,早餐/午餐/晚餐,2
661,黄鳝煲仔饭,煲仔饭碟头饭,珠三角,28,42,0,3,4,2,5,4,海鲜,0,早餐/午餐/晚餐,2
662,双皮奶,糖水甜品,珠三角,15,16,0,2,3,0,3,3,乳制品,0,下午加餐/夜宵,3
663,杨枝甘露,糖水甜品,珠三角,15,26,0,1,4,0,4,1,乳制品,0,下午加餐/夜宵,3
664,海带绿豆沙,糖水甜品,珠三角,60,14,0,1,4,2,5,1,,1,下午加餐/夜宵,3
665,番薯糖水,糖水甜品,珠三角,30,12,0,1,4,2,5,1,,1,下午加餐/夜宵,3
666,绿豆沙,糖水甜品,共通,60,12,0,1,4,2,5,1,,1,下午加餐/夜宵,3
667,芝麻糊,糖水甜品,珠三角,20,14,0,2,3,2,4,2,,1,早餐/下午加餐/夜宵,3
668,菠萝包,糖水甜品,珠三角,10,12,0,3,2,1,5,2,麸质!乳制品,0,早餐/下午加餐,3
669,菠萝油,糖水甜品,珠三角,10,16,0,4,1,1,5,2,麸质!乳制品,0,早餐/下午加餐,3
670,蛋挞,糖水甜品,珠三角,12,12,0,3,2,1,4,2,麸质!乳制品,0,早餐/下午加餐,3
671,陈皮红豆沙,糖水甜品,珠三角,60,14,0,1,4,2,5,2,,1,下午加餐/夜宵,3
672,姜撞奶,糖水甜品,珠三角,12,16,0,2,3,2,3,3,乳制品,0,下午加餐/夜宵,2
673,定胜糕,糖水甜品,长三角,8,10,0,2,2,1,5,1,,1,早餐/下午加餐,2
674,木瓜炖雪耳,糖水甜品,珠三角,40,22,0,1,4,2,4,1,,1,下午加餐/夜宵,2
675,核桃糊,糖水甜品,珠三角,20,18,0,2,3,2,4,3,,1,早餐/下午加餐/夜宵,2
676,桂花糖芋艿,糖水甜品,长三角,30,16,0,2,3,2,5,1,,1,下午加餐/夜宵,2
677,炖蛋,糖水甜品,珠三角,15,14,0,1,4,2,3,3,,0,下午加餐/夜宵,2
678,红豆冰,糖水甜品,珠三角,8,18,0,2,2,0,5,2,乳制品,0,下午加餐/夜宵,2
679,腐竹白果薏米糖水,糖水甜品,珠三角,60,16,0,1,4,2,4,3,,0,下午加餐/夜宵,2
680,芒果班戟,糖水甜品,珠三角,15,22,0,3,2,0,4,2,麸质!乳制品,0,下午加餐/夜宵,2
681,芒果西米露,糖水甜品,珠三角,12,22,0,1,3,0,5,1,乳制品,0,下午加餐/夜宵,2
682,花生糊,糖水甜品,珠三角,20,14,0,2,3,2,4,3,花生,1,早餐/下午加餐/夜宵,2
683,葡式蛋挞,糖水甜品,珠三角,15,15,0,4,1,1,4,2,麸质!乳制品,0,早餐/下午加餐,2
684,赤豆糕,糖水甜品,长三角,8,10,0,2,2,1,5,2,,1,早餐/下午加餐,2
685,酒酿圆子,糖水甜品,长三角,15,16,0,2,3,2,5,1,,1,早餐/下午加餐/夜宵,2
686,龟苓膏,糖水甜品,珠三角,5,16,0,1,3,0,2,2,,0,下午加餐/夜宵,2
687,例汤,老火汤羹,珠三角,60,15,0,2,4,2,2,3,,0,早餐/午餐/晚餐,3
688,冬瓜排骨汤,老火汤羹,共通,60,32,0,2,4,2,2,3,,0,午餐/晚餐,3
689,冬瓜薏米猪骨汤,老火汤羹,珠三角,90,30,0,2,4,2,2,3,,0,午餐/晚餐,3
690,玉米胡萝卜排骨汤,老火汤羹,共通,60,34,0,2,4,2,3,3,,0,午餐/晚餐,3
691,番茄蛋花汤,老火汤羹,共通,10,16,0,1,4,2,2,3,,0,早餐/午餐/晚餐,3
692,紫菜蛋花汤,老火汤羹,共通,10,16,0,1,4,2,2,3,海鲜,0,早餐/午餐/晚餐,3
693,西洋菜猪骨汤,老火汤羹,珠三角,90,32,0,2,4,2,2,3,,0,午餐/晚餐,3
694,霸王花猪骨汤,老火汤羹,珠三角,90,32,0,2,4,2,1,3,,0,午餐/晚餐,3
695,青红萝卜猪骨汤,老火汤羹,珠三角,90,30,0,2,4,2,3,3,,0,午餐/晚餐,3
696,山药排骨汤,老火汤羹,共通,60,36,0,2,4,2,3,3,,0,午餐/晚餐,2
697,椰子鸡汤,老火汤羹,珠三角,90,48,0,2,4,2,2,4,,0,午餐/晚餐,2
698,清补凉鸡汤,老火汤羹,珠三角,90,42,0,2,4,2,3,4,,0,午餐/晚餐,2
699,火腿冬瓜汤,老火汤羹,长三角,30,26,0,1,4,2,2,3,,0,早餐/午餐/晚餐,2
700,竹蔗茅根猪骨汤,老火汤羹,珠三角,90,32,0,2,4,2,3,3,,0,午餐/晚餐,2
701,笋干老鸭煲,老火汤羹,长三角,90,52,0,3,4,2,2,4,,0,午餐/晚餐,2
702,粉葛鲮鱼汤,老火汤羹,珠三角,90,38,0,2,4,2,2,4,海鲜,0,午餐/晚餐,2
703,罗宋汤,老火汤羹,长三角,45,28,0,3,4,2,3,3,,0,早餐/午餐/晚餐,2
704,老鸭汤,老火汤羹,长三角,90,48,0,3,4,2,2,4,,0,午餐/晚餐,2
705,老鸭粉丝汤,老火汤羹,长三角,20,22,0,2,4,2,3,3,,0,早餐/午餐/晚餐,2
706,胡椒猪肚汤,老火汤羹,珠三角,100,42,1,3,3,2,1,4,,0,午餐/晚餐,2
707,花生鸡脚汤,老火汤羹,珠三角,90,32,0,3,3,2,3,3,花生,0,午餐/晚餐,2
708,荠菜豆腐羹,老火汤羹,长三角,15,22,0,1,5,2,3,2,,1,早餐/午餐/晚餐,2
709,莲藕绿豆猪骨汤,老火汤羹,珠三角,90,32,0,2,4,2,3,3,,0,午餐/晚餐,2
710,菌菇汤,老火汤羹,共通,25,32,0,1,5,2,2,3,,1,早餐/午餐/晚餐,2
711,西洋菜陈肾汤,老火汤羹,珠三角,90,36,0,2,4,2,2,3,,0,午餐/晚餐,2
712,西湖牛肉羹,老火汤羹,长三角,15,32,0,1,4,2,3,3,,0,早餐/午餐/晚餐,2
713,酸辣汤,老火汤羹,长三角,15,22,2,2,3,2,3,2,,0,早餐/午餐/晚餐,2
714,鲫鱼豆腐汤,老火汤羹,长三角,30,38,0,2,5,2,2,4,海鲜,0,午餐/晚餐,2
715,响螺头汤,老火汤羹,珠三角,120,78,0,2,4,2,1,4,海鲜,0,午餐/晚餐,1
716,砂锅鱼头豆腐汤,老火汤羹,长三角,45,58,0,3,4,2,2,4,海鲜,0,午餐/晚餐,1
717,粉肠猪骨粥汤,老火汤羹,珠三角,90,30,0,2,3,2,3,3,,0,午餐/晚餐,1
718,花胶鸡汤,老火汤羹,珠三角,120,88,0,3,4,2,1,5,海鲜,0,午餐/晚餐,1
719,菜干猪肺汤,老火汤羹,珠三角,120,38,0,2,4,2,2,3,,0,午餐/晚餐,1
720,寿司拼盘,西式简餐,共通,12,48,0,2,4,1,4,3,海鲜,0,午餐/晚餐/夜宵,3
721,日式咖喱饭,西式简餐,共通,25,38,1,4,3,2,5,3,麸质,0,午餐/晚餐,3
722,烤鸡胸配土豆泥,西式简餐,共通,28,45,0,3,4,2,4,5,乳制品,0,午餐/晚餐,3
723,牛肉盖饭,西式简餐,共通,15,38,0,4,3,2,5,4,麸质,0,午餐/晚餐/夜宵,3
724,番茄肉酱意面,西式简餐,共通,25,42,0,3,3,2,5,3,麸质,0,午餐/晚餐,3
725,芝士汉堡,西式简餐,共通,15,35,0,5,1,2,5,3,乳制品!麸质,0,午餐/晚餐/夜宵,3
726,三文鱼刺身,西式简餐,共通,10,68,0,2,5,0,1,5,海鲜,0,午餐/晚餐,2
727,凯撒鸡肉卷,西式简餐,共通,10,30,0,3,3,1,4,4,乳制品!麸质,0,午餐/下午加餐,2
728,奶油培根意面,西式简餐,共通,25,48,0,4,2,2,5,3,麸质!乳制品,0,午餐/晚餐,2
729,奶油蘑菇汤,西式简餐,共通,20,28,0,3,3,2,4,2,乳制品!麸质,0,午餐/晚餐,2
730,帕尼尼,西式简餐,共通,12,35,0,3,3,2,4,4,麸质!乳制品,0,午餐/下午加餐,2
731,海鲜披萨,西式简餐,共通,25,58,0,4,2,2,5,4,乳制品!麸质!海鲜,0,午餐/晚餐/夜宵,2
732,炸猪排饭,西式简餐,共通,20,45,0,5,2,2,5,4,麸质,0,午餐/晚餐,2
733,炸鱼薯条,西式简餐,共通,20,45,0,5,1,2,5,3,麸质!海鲜,0,午餐/晚餐/夜宵,2
734,炸鸡汉堡,西式简餐,共通,15,32,1,5,1,2,5,3,麸质,0,午餐/晚餐/夜宵,2
735,玛格丽特披萨,西式简餐,共通,25,48,0,4,2,2,5,3,乳制品!麸质,0,午餐/晚餐/夜宵,2
736,香煎牛排,西式简餐,共通,30,88,0,4,3,2,2,5,,0,午餐/晚餐,2
737,鳗鱼饭,西式简餐,共通,20,58,0,3,4,2,5,4,海鲜,0,午餐/晚餐,2
738,鸡肉卷饼,西式简餐,共通,10,28,0,3,3,1,5,3,麸质,0,早餐/午餐/下午加餐,2
739,黑椒牛柳饭,西式简餐,共通,20,45,1,3,3,2,5,4,乳制品,0,午餐/晚餐,2
740,丝袜奶茶,轻食健康,珠三角,5,18,0,2,2,1,4,2,乳制品,0,早餐/下午加餐,3
741,冻柠茶,轻食健康,珠三角,5,15,0,1,2,0,4,1,,1,午餐/下午加餐,3
742,奶茶,轻食健康,共通,5,16,0,2,2,1,5,1,乳制品,0,下午加餐,3
743,希腊酸奶坚果碗,轻食健康,共通,5,28,0,2,4,0,3,3,乳制品,0,早餐/下午加餐,3
744,拿铁,轻食健康,共通,4,28,0,2,3,1,2,2,乳制品,0,早餐/下午加餐,3
745,水煮时蔬,轻食健康,共通,10,22,0,1,5,1,2,2,,1,午餐/晚餐,3
746,燕麦牛奶粥,轻食健康,共通,5,12,0,1,5,2,4,3,乳制品,0,早餐/下午加餐,3
747,珍珠奶茶,轻食健康,共通,5,18,0,2,2,0,5,1,乳制品,0,下午加餐,3
748,美式咖啡,轻食健康,共通,3,22,0,1,3,1,1,1,,1,早餐/下午加餐,3
749,鸡胸肉沙拉,轻食健康,共通,10,32,0,1,5,0,2,5,,0,午餐/下午加餐,3
750,三文鱼沙拉,轻食健康,共通,12,58,0,2,5,0,2,5,海鲜,0,午餐/下午加餐,2
751,凯撒沙拉,轻食健康,共通,10,38,0,3,4,0,2,4,乳制品!麸质,0,午餐/下午加餐,2
752,波奇饭,轻食健康,共通,12,52,0,2,5,0,4,4,海鲜,0,午餐/下午加餐,2
753,藜麦牛油果碗,轻食健康,共通,12,45,0,2,5,0,3,3,,1,午餐/下午加餐,2
754,藜麦鸡胸沙拉,轻食健康,共通,12,42,0,1,5,0,3,5,,0,午餐/下午加餐,2
755,鲜榨橙汁,轻食健康,共通,5,18,0,1,4,0,4,1,,1,早餐/下午加餐,2
756,上海大排面,长三角粉面,长三角,20,26,0,3,3,2,4,4,麸质,0,早餐/午餐/晚餐,3
757,上海辣肉面,长三角粉面,长三角,15,24,1,3,3,2,4,3,麸质,0,早餐/午餐/晚餐,3
758,上海阳春面,长三角粉面,长三角,10,12,0,1,4,2,4,2,麸质,1,早餐/午餐/晚餐,3
759,杭州片儿川,长三角粉面,长三角,15,22,0,3,3,2,4,3,麸质,0,早餐/午餐/晚餐,3
760,苏州奥灶面,长三角粉面,长三角,18,28,0,3,3,2,4,4,麸质,0,早餐/午餐/晚餐,3
761,葱油拌面,长三角粉面,长三角,10,14,0,2,3,2,5,2,麸质,1,早餐/午餐/晚餐,3
762,雪菜肉丝面,长三角粉面,长三角,15,20,0,2,4,2,4,3,麸质,0,早餐/午餐/晚餐,3
763,上海冷面,长三角粉面,长三角,15,18,0,2,3,0,5,2,麸质!花生,1,午餐,2
764,上海大肠面,长三角粉面,长三角,20,30,1,4,2,2,4,3,麸质,0,午餐/晚餐,2
765,上海炒面,长三角粉面,长三角,18,22,0,4,2,2,5,2,麸质,0,午餐/晚餐/夜宵,2
766,上海烂糊面,长三角粉面,长三角,20,20,0,1,4,2,4,3,麸质,0,早餐/午餐/晚餐,2
767,东台鱼汤面,长三角粉面,长三角,20,24,0,2,4,2,4,4,海鲜!麸质,0,早餐/午餐/晚餐,2
768,两面黄,长三角粉面,长三角,20,30,0,4,2,2,5,3,海鲜!麸质,0,午餐/晚餐,2
769,南京皮肚面,长三角粉面,长三角,18,22,2,3,3,2,4,3,麸质,0,早餐/午餐/晚餐,2
770,南京老卤面,长三角粉面,长三角,18,24,1,3,3,2,4,4,麸质,0,早餐/午餐/晚餐,2
771,双浇面,长三角粉面,长三角,20,32,0,3,3,2,4,4,麸质,0,早餐/午餐/晚餐,2
772,嘉兴桐乡羊肉面,长三角粉面,长三角,22,30,0,4,3,2,4,4,麸质,0,午餐/晚餐,2
773,宁波仓桥面结面,长三角粉面,长三角,18,24,0,3,3,2,4,3,麸质,0,早餐/午餐/晚餐,2
774,嵊州榨面,长三角粉面,长三角,18,22,0,2,3,2,4,3,麸质,0,早餐/午餐/晚餐,2
775,常州银丝面,长三角粉面,长三角,15,20,0,2,4,2,4,3,麸质,0,早餐/午餐/晚餐,2
776,常熟蕈油面,长三角粉面,长三角,15,26,0,2,4,2,4,2,麸质,1,早餐/午餐/晚餐,2
777,开洋葱油拌面,长三角粉面,长三角,12,22,0,2,3,2,5,3,海鲜!麸质,0,早餐/午餐/晚餐,2
778,徐州羊肉面,长三角粉面,长三角,22,28,2,4,3,2,4,4,麸质,0,午餐/晚餐,2
779,扬州饺面,长三角粉面,长三角,15,20,0,2,3,2,4,3,海鲜!麸质,0,早餐/午餐/晚餐,2
780,无锡素面,长三角粉面,长三角,15,16,0,2,4,2,4,2,麸质,1,早餐/午餐,2
781,杭州虾爆鳝面,长三角粉面,长三角,22,42,0,3,3,2,4,4,海鲜!麸质,0,午餐/晚餐,2
782,枫镇大肉面,长三角粉面,长三角,20,32,0,4,3,2,4,4,麸质,0,午餐/晚餐,2
783,温州清江三鲜面,长三角粉面,长三角,20,32,0,2,4,2,4,4,海鲜!麸质,0,午餐/晚餐,2
784,湖州南浔双交面,长三角粉面,长三角,20,28,0,3,3,2,4,4,海鲜!麸质,0,早餐/午餐/晚餐,2
785,焖肉面,长三角粉面,长三角,20,26,0,4,3,2,4,4,麸质,0,早餐/午餐/晚餐,2
786,爆鱼面,长三角粉面,长三角,20,28,0,3,3,2,4,4,海鲜!麸质,0,早餐/午餐/晚餐,2
787,素鸡面,长三角粉面,长三角,15,18,0,2,4,2,4,3,麸质,1,早餐/午餐/晚餐,2
788,绍兴次坞打面,长三角粉面,长三角,20,24,0,3,3,2,4,3,麸质,0,早餐/午餐/晚餐,2
789,舟山海鲜面,长三角粉面,长三角,20,38,0,2,4,2,4,4,海鲜!麸质,0,午餐/晚餐,2
790,衢州常山索面,长三角粉面,长三角,15,18,2,2,4,2,4,2,麸质,1,早餐/午餐,2
791,金华佛堂千张面,长三角粉面,长三角,15,20,0,2,4,2,4,3,麸质,1,早餐/午餐/晚餐,2
792,镇江锅盖面,长三角粉面,长三角,18,22,0,3,3,2,4,3,麸质,0,早餐/午餐/晚餐,2
793,雪菜黄鱼面,长三角粉面,长三角,25,48,0,2,4,2,4,4,海鲜!麸质,0,午餐/晚餐,2
794,鳝丝面,长三角粉面,长三角,20,34,1,3,3,2,4,4,麸质,0,午餐/晚餐,2
795,刀鱼汁面,长三角粉面,长三角,30,68,0,2,4,2,4,4,海鲜!麸质,0,午餐/晚餐,1
796,台州跳鱼捞面,长三角粉面,长三角,25,45,0,3,4,2,4,4,海鲜!麸质,0,午餐/晚餐,1
797,苏州三虾面,长三角粉面,长三角,25,88,0,2,4,2,4,4,海鲜!麸质,0,午餐/晚餐,1
798,全麦鸡肉三明治,面包甜点,共通,8,26,0,2,4,1,3,4,麸质,0,早餐/午餐/下午加餐,3
799,可颂,面包甜点,共通,5,18,0,4,1,1,5,2,麸质!乳制品,0,早餐/下午加餐,2
800,吐司配果酱,面包甜点,共通,5,12,0,2,3,1,5,2,麸质,1,早餐/下午加餐,2
801,火腿芝士三明治,面包甜点,共通,8,24,0,3,3,1,4,3,麸质!乳制品,0,早餐/下午加餐,2
802,牛油果吐司,面包甜点,共通,6,28,0,2,5,1,4,2,麸质,1,早餐/下午加餐,2
803,瑞士卷,面包甜点,珠三角,5,24,0,3,2,1,4,2,麸质!乳制品,0,下午加餐,2
804,蛋卷,面包甜点,珠三角,5,18,0,3,2,1,4,2,麸质!乳制品,0,下午加餐,2
805,蛋糕卷,面包甜点,共通,5,22,0,3,2,1,4,2,麸质!乳制品,0,下午加餐,2
806,肉桂卷,面包甜点,共通,5,20,0,4,1,1,5,2,麸质!乳制品,0,早餐/下午加餐,1
807,贝果,面包甜点,共通,5,16,0,2,3,1,5,3,麸质,1,早餐/下午加餐,1
